driver_id,trip_id,avg_speed,max_accel,hard_brake_count,stop_count,speed_variance,trip_time_of_day,distance_km,trip_duration_min,rating_mean,distance_per_min
D000,TRIP-005,43.91708038084857,0.04871065396281456,0,0,0.0,morning,0.36597566984040475,9.0,4.0,0.04066396331560053
D000,TRIP-006,36.7739898784579,0.13692558572754576,0,0,0.0,morning,0.3064499156538158,1.5,5.0,0.20429994376921054
D000,TRIP-007,38.3873933024099,0.051831573233643034,0,0,91.55712342075424,morning,0.6397898883734983,10.0,5.0,0.06397898883734983
D000,TRIP-010,27.309624982799892,-0.08685796509237224,0,0,0.0,morning,0.22758020818999913,3.0,4.0,0.07586006939666638
D000,TRIP-012,31.84909699943873,-0.05894949917791325,0,0,0.0,afternoon,0.26540914166198937,2.0,4.0,0.13270457083099468
D000,TRIP-014,48.29944817141041,-0.13936117820853516,1,0,0.0,afternoon,0.4024954014284201,2.5,3.0,0.16099816057136804
D000,TRIP-015,30.16882727734237,0.0,0,0,0.0,afternoon,0.2514068939778531,0.5,5.0,0.5028137879557062
D000,TRIP-021,55.583916809972024,0.1496321405420569,0,0,0.0,evening,0.4631993067497669,7.5,4.0,0.06175990756663559
D000,TRIP-024,42.66069491118563,0.13433266009433825,0,0,171.26287177926937,evening,1.0665173727796409,8.0,4.333333333333333,0.1333146715974551
D000,TRIP-026,77.25840914160067,0.2596381770368896,0,0,0.0,night,0.6438200761800056,8.5,4.0,0.0757435383741183
D000,TRIP-027,31.16857696959964,-0.06984732484482817,0,0,0.0,night,0.25973814141333035,10.0,5.0,0.025973814141333033
D000,TRIP-034,51.746722478952705,-0.16409807329442547,0,0,0.0,night,0.4312226873246059,3.0,5.0,0.14374089577486862
D000,TRIP-035,29.04462312371189,-0.22031095241389423,0,0,0.0,night,0.24203852603093245,7.0,4.0,0.03457693229013321
D000,TRIP-037,50.417237715495155,0.1796376063326959,0,0,0.0,night,0.42014364762912637,2.0,4.0,0.21007182381456319
D000,TRIP-039,55.720877133254234,0.22541722443123693,0,0,0.0,morning,0.4643406427771186,6.5,4.0,0.07143702196571056
D000,TRIP-040,33.731174389275694,-0.12227991463343546,0,0,0.0,morning,0.2810931199106308,5.0,4.0,0.05621862398212616
D000,TRIP-041,25.152662065073972,-0.1316359676652895,0,0,174.46579423783695,morning,0.41921103441789953,8.0,4.5,0.05240137930223744
D000,TRIP-042,47.51291710609381,0.21116057465413285,0,0,0.0,morning,0.3959409758841151,5.0,3.0,0.07918819517682302
D000,TRIP-046,27.195800962985487,-0.1104386242234226,0,0,0.0,morning,0.22663167469154571,4.0,5.0,0.05665791867288643
D000,TRIP-047,44.46994851748,-0.035131368210602906,0,0,0.0,morning,0.3705829043123333,5.5,4.0,0.06737870987496969
D001,TRIP-001,60.507947958266,0.16590389055553648,0,0,0.0,morning,0.5042328996522166,9.0,4.0,0.05602587773913518
D001,TRIP-002,37.62444437558422,0.07530397477399191,0,0,0.0,morning,0.31353703646320186,1.5,3.0,0.20902469097546791
D001,TRIP-003,49.84294887383507,0.06408769208737422,0,0,0.0,morning,0.4153579072819589,5.5,4.0,0.07551961950581071
D001,TRIP-004,21.63425508175297,-0.19694376525056106,0,0,0.0,morning,0.18028545901460807,3.0,4.0,0.06009515300486936
D001,TRIP-009,36.918195664891215,-0.04242922878801991,0,0,0.0,morning,0.30765163054076017,5.5,4.0,0.05593666009832003
D001,TRIP-011,37.88178564976197,0.005377789742994387,0,0,734.3747287727957,afternoon,0.9470446412440493,9.0,4.666666666666667,0.10522718236044992
D001,TRIP-012,39.74981487201836,-0.20353322522189773,0,0,0.0,afternoon,0.3312484572668197,3.0,3.0,0.11041615242227322
D001,TRIP-014,35.66247130288683,0.04127548822438278,0,0,0.0,afternoon,0.2971872608573902,10.0,4.0,0.02971872608573902
D001,TRIP-016,21.745061504936253,-0.09372620766262235,0,0,0.0,afternoon,0.18120884587446878,7.0,5.0,0.025886977982066968
D001,TRIP-020,46.365808345583886,0.1620587913510614,0,0,95.85178162809785,evening,0.7727634724263981,7.0,4.0,0.11039478177519972
D001,TRIP-022,26.600970348953837,-0.296199475642239,0,0,0.0,evening,0.22167475290794866,2.5,5.0,0.08866990116317947
D001,TRIP-027,59.686040714655256,0.014530843826612147,0,0,0.0,night,0.4973836726221272,2.0,3.0,0.2486918363110636
D001,TRIP-028,40.20262070103875,0.03468303234750945,0,0,0.0,night,0.33502183917532297,5.5,5.0,0.06091306166824054
D001,TRIP-033,38.83737004461911,-0.18084646912811883,0,0,0.0,night,0.3236447503718259,8.5,4.0,0.038075852984920694
D001,TRIP-039,69.58880746503915,0.2567007360752215,0,0,0.0,morning,0.5799067288753262,3.0,3.0,0.1933022429584421
D001,TRIP-043,35.12557313653801,-0.3451018198934824,0,0,0.0,morning,0.29271310947115015,1.5,4.0,0.19514207298076677
D001,TRIP-044,39.77981174915072,0.0769003921034272,0,0,0.0,morning,0.33149843124292266,7.5,4.0,0.04419979083238969
D001,TRIP-048,28.718213026759443,-0.05732776582317805,0,0,0.0,morning,0.23931844188966203,2.0,4.0,0.11965922094483102
D002,TRIP-001,47.66348379805173,0.17203517777623295,0,0,0.0,morning,0.3971956983170978,8.0,4.0,0.04964946228963722
D002,TRIP-002,58.06030137592985,0.22941856548767703,0,0,0.0,morning,0.48383584479941544,9.0,5.0,0.05375953831104616
D002,TRIP-007,39.55556903537058,0.16085173975532818,0,0,0.0,morning,0.32962974196142153,9.5,5.0,0.03469786757488648
D002,TRIP-010,49.23903470235596,-0.06591483817522689,0,0,0.0,morning,0.4103252891862996,5.0,5.0,0.08206505783725992
D002,TRIP-011,50.43688528274095,0.4059716298922706,0,0,0.0,afternoon,0.4203073773561746,5.5,4.0,0.07641952315566812
D002,TRIP-013,46.39906441593287,0.3087323835034586,0,0,897.4018594031868,afternoon,0.773317740265548,7.0,4.0,0.11047396289507828
D002,TRIP-015,29.730703007049144,-0.2522016900461489,0,0,0.0,afternoon,0.2477558583920762,6.5,5.0,0.038116285906473264
D002,TRIP-017,36.698512163835105,0.0753705760694252,0,0,0.0,afternoon,0.30582093469862587,4.0,5.0,0.07645523367465647
D002,TRIP-019,28.860766583002594,-0.020639455617723297,0,0,0.0,evening,0.2405063881916883,8.5,5.0,0.028294869199022153
D002,TRIP-020,38.17034373873884,-0.04245547614097222,0,0,0.0,evening,0.3180861978228237,1.0,4.0,0.3180861978228237
D002,TRIP-025,68.96072698140564,0.3054228954234809,0,0,0.0,evening,0.5746727248450471,1.0,3.0,0.5746727248450471
D002,TRIP-027,38.71208805284108,-0.053988318187943564,0,0,0.0,night,0.3226007337736757,9.5,4.0,0.03395797197617639
D002,TRIP-035,45.091674292965976,0.1498337690443136,0,0,0.036447779300989615,night,0.7515279048827663,7.5,4.0,0.10020372065103551
D002,TRIP-037,53.56843970337402,0.02917779618406353,1,0,0.0,night,0.4464036641947835,2.5,2.0,0.1785614656779134
D002,TRIP-040,43.62067015219478,0.14723798033706054,0,0,0.0,morning,0.36350558460162324,10.0,3.0,0.03635055846016232
D002,TRIP-042,51.24709707476727,0.1664125764270977,0,0,0.0,morning,0.4270591422897273,3.5,4.0,0.12201689779706494
D002,TRIP-045,33.94822848208349,0.20060241845278154,1,0,831.190550801465,morning,0.565803808034725,7.0,3.5,0.08082911543353213
D002,TRIP-048,41.95203998797038,-0.14139744749722272,0,0,0.0,morning,0.34960033323308654,4.5,5.0,0.07768896294068589
D002,TRIP-049,42.77815287154686,-0.027085872224924402,0,0,0.0,morning,0.3564846072628905,8.5,5.0,0.04193936556034006
D003,TRIP-003,46.19349674293229,-0.02002515534164401,0,0,0.0,morning,0.3849458061911024,2.5,5.0,0.15397832247644097
D003,TRIP-004,46.949118458034505,0.18677362806223013,0,0,32.72302628680124,morning,0.7824853076339084,4.5,4.0,0.17388562391864631
D003,TRIP-008,48.41130713735293,0.26129755343273764,0,0,0.0,morning,0.40342755947794107,8.0,3.0,0.05042844493474263
D003,TRIP-012,67.57550771196499,0.2663135392269221,0,0,0.0,afternoon,0.5631292309330417,6.0,3.0,0.09385487182217361
D003,TRIP-016,38.383926951008824,-0.013978747936246686,0,0,0.0,afternoon,0.31986605792507355,10.0,3.0,0.03198660579250735
D003,TRIP-018,37.828111132723315,0.07748671646145121,0,0,0.0,afternoon,0.315234259439361,6.5,5.0,0.04849757837528631
D003,TRIP-023,21.04332315145844,-0.21613664505983224,0,0,0.0,evening,0.1753610262621537,2.0,4.0,0.08768051313107685
D003,TRIP-026,44.9466208269272,-0.2423725668461031,0,0,0.0,night,0.37455517355772666,10.0,5.0,0.03745551735577267
D003,TRIP-029,24.441978790230053,-0.004064644567519249,0,0,0.0,night,0.20368315658525044,2.5,5.0,0.08147326263410018
D003,TRIP-034,55.772829097233675,0.13588536635671963,0,0,0.0,night,0.46477357581028067,6.0,4.0,0.07746226263504678
D003,TRIP-041,53.72785503042596,-0.012494269238114046,0,0,0.0,morning,0.44773212525354966,7.5,4.0,0.059697616700473286
D003,TRIP-044,52.142839741920945,0.05320991474173399,0,0,0.0,morning,0.4345236645160078,2.5,3.0,0.17380946580640314
D003,TRIP-045,41.00510516131751,0.2910744165149784,0,0,2.9968648472139394,morning,0.6834184193552918,5.0,5.0,0.13668368387105836
D003,TRIP-049,47.61089371671067,-0.05421487619360696,0,0,0.0,morning,0.3967574476392556,7.5,5.0,0.05290099301856741
D004,TRIP-006,35.17058669647795,0.00753670423362293,0,0,0.0,morning,0.2930882224706496,6.5,4.0,0.04509049576471532
D004,TRIP-008,53.28788675492338,0.0,0,0,0.0,morning,0.44406572295769486,0.5,4.0,0.8881314459153897
D004,TRIP-012,17.742570350088332,-0.15103094085442467,0,0,0.0,afternoon,0.14785475291740277,8.5,4.0,0.017394676813812092
D004,TRIP-015,28.434309878833385,-0.08531165320609851,1,0,0.0,afternoon,0.23695258232361155,2.0,3.0,0.11847629116180577
D004,TRIP-018,32.00873820645525,-0.3224014633088745,0,0,0.0,afternoon,0.26673948505379375,5.0,4.0,0.053347897010758746
D004,TRIP-023,58.01246608005352,-0.015230434393686683,0,0,0.0,evening,0.4834372173337794,1.0,5.0,0.4834372173337794
D004,TRIP-024,55.18236701948439,0.04489662029612204,0,0,0.0,evening,0.45985305849570324,9.5,5.0,0.04840558510481087
D004,TRIP-025,50.22787074008144,0.290216259360993,1,0,11.75632136993251,evening,0.8371311790013574,8.0,2.5,0.10464139737516967
D004,TRIP-026,44.19494387941626,0.07648637821276386,0,0,0.001363698125168437,night,0.7365823979902709,9.0,4.5,0.08184248866558566
D004,TRIP-032,44.98953470301889,0.0,0,0,40.30702306029959,night,0.7498255783836483,7.5,4.0,0.09997674378448644
D004,TRIP-033,23.085864190321672,-0.14584727642867992,0,0,0.0,night,0.19238220158601393,9.0,5.0,0.021375800176223772
D004,TRIP-039,35.229168790353555,0.09128585303583409,0,0,194.95136220173646,morning,0.5871528131725593,5.5,4.0,0.10675505694046533
D004,TRIP-040,42.94726392212211,0.1945440135811901,0,0,61.96689903141527,morning,0.7157877320353686,9.0,4.5,0.07953197022615206
D004,TRIP-042,31.579937079711097,0.003453524407324515,0,0,0.0,morning,0.26316614233092583,6.0,5.0,0.04386102372182097
D004,TRIP-044,45.54896434736295,0.05974645472582788,0,0,113.99451312220438,morning,0.7591494057893825,6.0,4.0,0.12652490096489707
D004,TRIP-046,38.51132565252136,0.11447114230249203,0,0,2.193920405511567,morning,0.6418554275420226,4.5,4.0,0.1426345394537828
D005,TRIP-004,17.591778083570688,-0.037430342575761874,0,0,0.0,morning,0.1465981506964224,3.5,5.0,0.041885185913263547
D005,TRIP-009,44.0918602273256,0.21816799805276504,0,0,0.0,morning,0.36743216856104666,7.0,4.0,0.05249030979443524
D005,TRIP-010,50.44011889076889,0.05996564881349536,0,0,0.0,morning,0.4203343240897408,6.0,4.0,0.07005572068162347
D005,TRIP-012,45.94990108239383,0.19455789156093437,0,0,35.00179042997683,afternoon,0.7658316847065638,9.5,4.0,0.08061386154805934
D005,TRIP-013,46.66174346453346,0.07587123770243256,0,0,0.0,afternoon,0.3888478622044455,3.0,4.0,0.1296159540681485
D005,TRIP-019,32.428094441512634,-0.07517603270488854,0,0,0.0,evening,0.2702341203459387,1.0,4.0,0.2702341203459387
D005,TRIP-022,20.12303553429812,-0.46355110148326467,0,0,0.0,evening,0.1676919627858177,7.0,5.0,0.023955994683688243
D005,TRIP-023,33.1133262119784,0.11175928759740703,0,0,0.0,evening,0.27594438509982,2.5,5.0,0.110377754039928
D005,TRIP-034,46.162488497962165,0.11709587681122245,0,0,0.0,night,0.3846874041496847,7.0,5.0,0.05495534344995496
D005,TRIP-036,32.9673147775525,-0.015434515498523519,0,0,0.0,night,0.2747276231462709,1.0,4.0,0.2747276231462709
D005,TRIP-039,37.161035791250306,0.0,0,0,0.0,morning,0.30967529826041923,0.5,5.0,0.6193505965208385
D005,TRIP-040,41.04777968810277,0.07012160080354489,0,0,0.0,morning,0.34206483073418975,6.5,4.0,0.05262535857449073
D005,TRIP-044,31.47456940198058,-0.16882019447847216,0,0,0.0,morning,0.2622880783498382,7.0,5.0,0.037469725478548314
D005,TRIP-046,39.123172379115125,-0.08444616233936611,0,0,0.0,morning,0.3260264364926261,3.5,4.0,0.09315041042646459
D005,TRIP-050,33.926090388431476,0.10815586409599484,1,0,68.07588352388456,afternoon,0.5654348398071913,9.5,3.5,0.05951945682180961
D006,TRIP-002,25.097913799533597,-0.08149272909019789,0,0,0.0,morning,0.20914928166277996,10.0,4.0,0.020914928166277998
D006,TRIP-003,46.630397828169286,-0.1504984166181239,0,0,0.0,morning,0.3885866485680774,7.5,4.0,0.05181155314241032
D006,TRIP-005,22.57355147834923,-0.11613997884431292,0,0,0.0,morning,0.1881129289862436,10.0,4.0,0.01881129289862436
D006,TRIP-006,31.246310772354033,0.03612919850691796,0,0,0.0,morning,0.2603859231029502,9.0,5.0,0.028931769233661135
D006,TRIP-009,36.46760006778033,-0.0897957860665463,0,0,0.0,morning,0.3038966672315028,4.0,5.0,0.0759741668078757
D006,TRIP-013,31.54865043292128,-0.26213972292516424,0,0,0.0,afternoon,0.262905420274344,9.0,4.0,0.029211713363816
D006,TRIP-014,36.275852608528176,-0.048044394495443336,0,0,0.0,afternoon,0.3022987717377348,7.5,5.0,0.04030650289836464
D006,TRIP-017,28.558489948337183,-0.07819198757186291,0,0,0.0,afternoon,0.23798741623614322,3.5,4.0,0.06799640463889807
D006,TRIP-021,33.18779472793493,-0.18827077384425472,0,0,0.0,evening,0.2765649560661244,5.5,4.0,0.05028453746656807
D006,TRIP-029,24.88096040352213,-0.3832966949091492,0,0,0.0,night,0.2073413366960178,2.0,5.0,0.1036706683480089
D006,TRIP-031,42.47429178435192,0.06007760982067486,0,0,0.0,night,0.353952431536266,7.0,3.0,0.050564633076609425
D006,TRIP-033,50.25880455544852,0.33784565134400585,0,0,0.0,night,0.41882337129540437,4.5,4.0,0.09307186028786764
D006,TRIP-034,43.794400914454734,0.08840132611362854,0,0,0.0,night,0.3649533409537895,4.5,4.0,0.08110074243417545
D006,TRIP-048,57.22296431767043,0.08613738148393531,0,0,0.0,morning,0.47685803598058696,4.0,4.0,0.11921450899514674
D007,TRIP-001,42.08759595003484,0.023919417750038186,0,0,0.0,morning,0.3507299662502903,2.5,5.0,0.14029198650011612
D007,TRIP-003,48.49509240363609,0.04581932399894691,1,0,0.0,morning,0.4041257700303008,8.5,3.0,0.047544208238858916
D007,TRIP-005,41.04442273776007,0.0,0,0,0.0,morning,0.34203685614800067,0.5,4.0,0.6840737122960013
D007,TRIP-006,45.71586035177655,0.33320994706115126,0,0,153.61826836147148,morning,1.1428965087944136,10.0,4.333333333333333,0.11428965087944136
D007,TRIP-010,46.32860458830979,-0.03806957687462139,0,0,0.0,morning,0.3860717049025816,6.5,3.0,0.059395646908089475
D007,TRIP-015,43.813780787549646,-0.11289383934795302,0,0,0.0,afternoon,0.3651148398962471,10.0,4.0,0.03651148398962471
D007,TRIP-017,41.55075096800198,0.004402920457845442,0,0,41.359992024416286,afternoon,0.6925125161333663,10.0,4.5,0.06925125161333663
D007,TRIP-021,41.29215843671926,-0.13233109604863666,0,0,0.0,evening,0.3441013203059939,8.0,4.0,0.043012665038249236
D007,TRIP-022,46.16602231678655,0.33279224218119424,0,0,0.0,evening,0.3847168526398879,9.5,4.0,0.04049651080419873
D007,TRIP-028,38.194961746458006,0.06774771308845431,0,0,0.0,night,0.3182913478871501,8.5,4.0,0.03744604092790001
D007,TRIP-034,46.26902335939078,-0.20273654112112957,0,0,0.0,night,0.38557519466158985,1.5,4.0,0.25705012977439323
D007,TRIP-035,20.581470463442063,-0.2092905136735221,0,0,0.0,night,0.17151225386201718,5.5,5.0,0.031184046156730396
D007,TRIP-037,42.097974378865345,-0.03399792370569917,0,0,139.40960529055138,night,0.7016329063144224,9.0,4.5,0.0779592118127136
D007,TRIP-038,24.04428037312831,0.018882683773736128,0,0,0.0,night,0.20036900310940256,1.0,5.0,0.20036900310940256
D007,TRIP-042,25.230693450807028,-0.23476448088966215,0,0,0.0,morning,0.21025577875672521,1.5,4.0,0.14017051917115014
D007,TRIP-045,10.793172921423585,-0.33436354263782336,0,0,0.0,morning,0.08994310767852988,3.5,5.0,0.025698030765294252
D007,TRIP-047,59.18946802179251,0.13629184726215282,0,0,0.0,morning,0.49324556684827087,6.0,4.0,0.0822075944747118
D007,TRIP-050,22.665310677702433,-0.11474792102287523,0,0,0.0,afternoon,0.18887758898085363,3.5,5.0,0.05396502542310104
D008,TRIP-003,46.57313523689071,0.15812324342551912,0,0,10.9067268205989,morning,0.7762189206148451,4.5,4.0,0.17249309346996558
D008,TRIP-006,35.38169112950283,0.0,0,0,413.71674212744085,morning,0.5896948521583806,9.5,4.0,0.06207314233246111
D008,TRIP-008,26.584658123596597,-0.006409653602314483,0,0,0.0,morning,0.22153881769663833,3.0,4.0,0.07384627256554611
D008,TRIP-010,22.016087181916543,-0.19562189029042013,0,0,0.0,morning,0.18346739318263786,7.5,4.0,0.02446231909101838
D008,TRIP-013,38.46764979267074,-0.18096305346389568,0,0,0.0,afternoon,0.3205637482722562,2.5,4.0,0.12822549930890248
D008,TRIP-015,39.1974841062728,-0.09539171915556194,0,0,0.0,afternoon,0.32664570088560674,3.5,4.0,0.09332734311017335
D008,TRIP-020,45.885034860433194,-0.00015260929964959756,0,0,0.0,evening,0.38237529050360997,9.5,4.0,0.04025003057932736
D008,TRIP-024,32.686053018183294,-0.025145895981331694,0,0,0.0,evening,0.27238377515152745,2.5,4.0,0.10895351006061098
D008,TRIP-029,40.53092625068528,0.06229919954950992,0,0,0.0,night,0.3377577187557107,8.0,4.0,0.04221971484446384
D008,TRIP-031,35.985909923719035,-0.1406129967427336,0,0,0.0,night,0.2998825826976586,6.5,5.0,0.04613578195348594
D008,TRIP-033,31.953156258015895,-0.11959723405808281,0,0,75.15095711927428,night,0.5325526043002649,7.0,4.0,0.0760789434714664
D008,TRIP-038,54.98968770029342,0.27098913149146875,0,0,0.0,night,0.4582473975024452,5.5,3.0,0.08331770863680822
D008,TRIP-041,28.36571332576025,-0.13459895455928006,0,0,0.0,morning,0.23638094438133544,5.0,5.0,0.04727618887626709
D008,TRIP-046,35.57224665868093,0.08283293130682481,0,0,0.0,morning,0.2964353888223411,10.0,5.0,0.02964353888223411
D009,TRIP-004,34.037691607928544,-0.16741711041358678,0,0,0.0,morning,0.2836474300660712,7.5,5.0,0.03781965734214283
D009,TRIP-026,44.1683036016589,0.0719773318655988,0,0,134.73518455062228,night,0.7361383933609816,7.0,4.0,0.10516262762299737
D009,TRIP-028,37.54042434787033,0.2655310487931455,0,0,879.2005732403688,night,0.6256737391311722,10.0,4.5,0.06256737391311722
D009,TRIP-029,53.073240512325214,0.10172540752265882,0,0,0.0,night,0.4422770042693768,7.0,4.0,0.06318242918133954
D009,TRIP-033,38.20014530320329,0.11460067687767508,0,0,0.0,night,0.31833454419336077,2.5,5.0,0.1273338176773443
D009,TRIP-034,53.82799130489805,0.17932913322199612,0,0,0.0,night,0.44856659420748374,10.0,4.0,0.044856659420748374
D009,TRIP-037,21.38163343899788,-0.3014949054330286,0,0,0.0,night,0.1781802786583157,5.0,5.0,0.03563605573166314
D009,TRIP-039,36.51032703827155,-0.30628222617377415,0,0,0.0,morning,0.3042527253189296,3.5,4.0,0.08692935009112275
D009,TRIP-041,45.623753175746316,0.0541704119702174,0,0,80.64498586291997,morning,0.7603958862624386,2.5,4.5,0.3041583545049754
D009,TRIP-044,41.22637074099936,-0.0679169953503744,0,0,13.794454380759694,morning,0.687106179016656,4.0,5.0,0.171776544754164
D009,TRIP-049,47.406979535438346,-0.01766172819325901,0,0,5.80418199247287,morning,0.7901163255906392,8.0,4.0,0.0987645406988299
D010,TRIP-001,45.116416558642655,-0.027677299285584843,0,0,5.676122002594656,morning,0.7519402759773777,5.5,4.0,0.13671641381406865
D010,TRIP-006,54.459647767608985,-0.03997043751475342,0,0,0.0,morning,0.4538303980634082,3.5,3.0,0.12966582801811663
D010,TRIP-010,60.59989331745669,0.0,0,0,0.0,morning,0.5049991109788058,0.5,3.0,1.0099982219576116
D010,TRIP-012,54.23413818788945,-0.12353119929699581,0,0,0.0,afternoon,0.45195115156574545,6.5,3.0,0.06953094639473006
D010,TRIP-013,49.89298465908953,0.0,0,0,0.0,afternoon,0.41577487215907943,0.5,4.0,0.8315497443181589
D010,TRIP-014,55.43378146127731,0.06605864157284168,0,0,0.0,afternoon,0.46194817884397765,3.0,5.0,0.1539827262813259
D010,TRIP-015,24.59030939092044,0.08843074186188196,0,0,0.0,afternoon,0.204919244924337,9.0,5.0,0.022768804991593
D010,TRIP-029,54.46829752097717,0.31582405015341913,0,0,0.0,night,0.45390247934147643,4.0,5.0,0.11347561983536911
D010,TRIP-032,59.44515574124888,0.1797385860202772,0,0,0.0,night,0.4953762978437407,10.0,4.0,0.04953762978437407
D010,TRIP-036,48.81093147643574,0.21379881589651975,0,0,0.0,night,0.4067577623036312,5.5,4.0,0.0739559567824784
D010,TRIP-037,24.962502541587373,0.048236070583557625,0,0,0.0,night,0.20802085451322813,4.0,4.0,0.05200521362830703
D010,TRIP-039,56.82486576661412,0.11519679491067271,0,0,0.0,morning,0.47354054805511764,9.0,4.0,0.05261561645056863
D010,TRIP-043,26.05231412334859,-0.08401165752953167,0,0,0.0,morning,0.2171026176945716,2.0,5.0,0.1085513088472858
D010,TRIP-044,36.91654611575801,-0.06926796185016346,0,0,0.0,morning,0.30763788429798344,10.0,4.0,0.030763788429798343
D010,TRIP-045,53.11682303935853,0.12987622027015824,0,0,0.0,morning,0.4426401919946544,2.5,4.0,0.17705607679786176
D011,TRIP-002,54.90056751582813,0.3301437836290544,0,0,0.0,morning,0.4575047292985677,3.0,2.0,0.15250157643285592
D011,TRIP-007,30.441964496108955,0.0,0,0,0.0,morning,0.25368303746757465,0.5,4.0,0.5073660749351493
D011,TRIP-011,38.54264032618793,0.1347601528968464,0,0,0.0,afternoon,0.32118866938489943,4.0,5.0,0.08029716734622486
D011,TRIP-015,37.647968425092024,-0.09019015337854122,0,0,0.0,afternoon,0.31373307020910024,1.5,5.0,0.20915538013940016
D011,TRIP-017,42.491352258736775,-0.06932556327569088,0,0,0.0,afternoon,0.35409460215613986,6.0,3.0,0.05901576702602331
D011,TRIP-021,48.7737463510913,0.16162026037382596,0,0,0.0,evening,0.40644788625909417,10.0,3.0,0.040644788625909416
D011,TRIP-024,26.242105508805185,-0.059666180642389904,0,0,0.0,evening,0.21868421257337656,3.0,4.0,0.07289473752445885
D011,TRIP-025,53.93757709799459,0.06857296522424523,0,0,74.92509788017013,evening,0.89895961829991,8.5,3.5,0.10575995509410706
D011,TRIP-027,46.76722771295451,0.33204562900864626,0,0,9.895922249651528,night,0.7794537952159085,9.0,4.0,0.08660597724621205
D011,TRIP-028,52.876625908037525,0.2664587366599082,0,0,0.0,night,0.44063854923364604,4.0,5.0,0.11015963730841151
D011,TRIP-030,31.20778970490857,0.15057831592699883,0,0,0.0,night,0.2600649142075714,5.5,5.0,0.04728452985592207
D011,TRIP-031,39.64589936812956,0.2827197916218064,1,0,265.7072277439784,night,0.660764989468826,6.0,4.0,0.11012749824480433
D011,TRIP-032,22.3710452723655,-0.11973933821660812,0,0,0.0,night,0.1864253772697125,1.5,4.0,0.124283584846475
D011,TRIP-033,41.0752979191313,0.0034674097583266674,0,0,0.0,night,0.34229414932609414,1.5,4.0,0.22819609955072942
D011,TRIP-037,38.89933089946949,0.2683387100386814,0,0,452.6289681098411,night,0.648322181657825,7.5,4.5,0.08644295755437666
D011,TRIP-042,24.70757504344746,-0.31063321196794935,0,0,0.0,morning,0.2058964586953955,4.5,5.0,0.04575476859897678
D011,TRIP-046,40.491841477311304,0.11735557699123964,0,0,0.0,morning,0.33743201231092756,5.5,4.0,0.0613512749656232
D012,TRIP-008,67.07780818513051,0.12528836359784828,0,0,0.0,morning,0.5589817348760876,5.5,4.0,0.1016330427047432
D012,TRIP-009,37.79276613509226,-0.03262986606630793,0,0,0.0,morning,0.31493971779243557,3.0,5.0,0.10497990593081186
D012,TRIP-010,36.91453274503338,0.03847933151728267,0,0,0.0,morning,0.3076211062086115,4.0,5.0,0.07690527655215287
D012,TRIP-021,53.52103830311444,0.17510188896686293,0,0,0.0,evening,0.4460086525259537,5.0,3.0,0.08920173050519073
D012,TRIP-023,43.941944441557794,0.07928395910992474,0,0,0.0,evening,0.36618287034631497,6.5,4.0,0.05633582620712538
D012,TRIP-028,24.099082348767432,-0.1778445942671754,0,0,0.0,night,0.2008256862397286,3.5,5.0,0.05737876749706532
D012,TRIP-030,47.199930495098045,0.010507451255557736,1,0,0.0,night,0.3933327541258171,6.5,4.0,0.060512731403971856
D012,TRIP-031,42.16774557130528,0.048916809636101635,0,0,0.0,night,0.35139787976087733,2.5,4.0,0.14055915190435092
D012,TRIP-033,55.82517538872633,0.03770596832145916,0,0,0.0,night,0.46520979490605274,5.5,3.0,0.08458359907382777
D012,TRIP-035,52.31767693640356,0.06459915015469324,0,0,5.187504323397485,night,0.8719612822733926,8.0,4.0,0.10899516028417408
D012,TRIP-038,46.88624829570524,0.044847874459151234,0,0,10.423307247740174,night,0.7814374715950874,9.0,3.5,0.08682638573278749
D012,TRIP-040,44.47670722384764,-0.03417766713454533,0,0,0.0,morning,0.370639226865397,2.5,5.0,0.1482556907461588
D012,TRIP-041,55.07723610814227,0.32365213416848226,0,0,0.0,morning,0.45897696756785233,7.0,5.0,0.0655681382239789
D012,TRIP-044,55.74140680249091,0.1477925467901869,0,0,0.0,morning,0.46451172335409086,8.0,4.0,0.05806396541926136
D012,TRIP-049,43.83199827632063,0.0007601677151386118,0,0,0.0,morning,0.36526665230267197,6.0,4.0,0.060877775383778664
D013,TRIP-003,27.08035265427545,-0.11658304908414881,1,0,72.83283636974038,morning,0.4513392109045908,10.0,4.0,0.04513392109045908
D013,TRIP-004,47.904461508517045,0.03009558268658748,0,0,0.0,morning,0.3992038459043087,8.5,4.0,0.046965158341683376
D013,TRIP-005,28.631903440694508,-0.11493073423208858,0,0,0.0,morning,0.2385991953391209,1.0,4.0,0.2385991953391209
D013,TRIP-007,22.183581141795138,-0.1736789437803499,0,0,0.0,morning,0.18486317618162615,9.0,4.0,0.02054035290906957
D013,TRIP-008,23.924458021674504,-0.16839835060167063,0,0,0.0,morning,0.19937048351395417,1.5,4.0,0.13291365567596944
D013,TRIP-017,34.57206201238599,-0.1376114539804115,0,0,0.0,afternoon,0.28810051676988324,1.0,4.0,0.28810051676988324
D013,TRIP-021,31.3187582307181,-0.025414827243227005,0,0,0.0,evening,0.2609896519226509,9.5,4.0,0.027472594939226408
D013,TRIP-025,37.33705056647736,-0.02197861940456131,0,0,0.0,evening,0.311142088053978,4.5,4.0,0.06914268623421733
D013,TRIP-031,36.079552060266096,0.03084828605209046,0,0,0.0,night,0.3006629338355508,8.0,5.0,0.03758286672944385
D013,TRIP-032,14.185244585551963,-0.36257970352014607,0,0,0.0,night,0.11821037154626636,6.5,4.0,0.0181862110071179
D013,TRIP-037,48.175554093045655,0.0,0,0,0.0,night,0.40146295077538047,0.5,4.0,0.8029259015507609
D013,TRIP-041,42.90240041816249,0.02286183624260148,0,0,0.0,morning,0.3575200034846875,4.5,3.0,0.07944888966326388
D013,TRIP-043,72.39656968503411,0.5159668411005157,0,0,0.0,morning,0.6033047473752843,1.0,3.0,0.6033047473752843
D013,TRIP-046,42.42040671899856,0.11452644647441712,0,0,0.0,morning,0.3535033893249879,8.0,4.0,0.04418792366562349
D013,TRIP-047,43.76863561119831,0.09491181733045675,0,0,0.0,morning,0.3647386300933193,9.0,4.0,0.040526514454813256
D013,TRIP-048,47.17856395307297,0.12841192620078476,1,0,1.099831853389526,morning,0.7863093992178828,3.5,3.5,0.22465982834796652
D014,TRIP-001,54.26561209182647,0.27196033880048903,0,0,0.0,morning,0.4522134340985539,1.5,3.0,0.3014756227323693
D014,TRIP-002,55.46087608214187,0.2569138732963937,0,0,0.0,morning,0.46217396735118227,7.5,5.0,0.0616231956468243
D014,TRIP-004,39.53425260735968,-0.18676760598082995,0,0,0.0,morning,0.3294521050613307,10.0,4.0,0.03294521050613307
D014,TRIP-005,44.29806214433618,-0.09153357814005184,0,0,0.0,morning,0.3691505178694682,8.0,4.0,0.04614381473368352
D014,TRIP-008,20.35625629939598,-0.027195383019225437,0,0,21.665317411298044,morning,0.3392709383232664,4.0,4.5,0.0848177345808166
D014,TRIP-009,39.78491711725776,-0.17884898852777883,0,0,0.0,morning,0.33154097597714804,1.0,5.0,0.33154097597714804
D014,TRIP-011,51.39659296715125,0.0,0,0,0.0,afternoon,0.42830494139292713,0.5,4.0,0.8566098827858543
D014,TRIP-022,38.946325269278915,0.13749928735851227,0,0,31.57528586949348,evening,0.6491054211546488,7.5,4.5,0.0865473894872865
D014,TRIP-037,36.71842904254211,-0.10608449120836613,0,0,0.0,night,0.30598690868785094,1.0,4.0,0.30598690868785094
D014,TRIP-042,24.726104655261913,-0.28887807934168597,0,0,0.0,morning,0.20605087212718262,9.5,4.0,0.021689565487071856
D014,TRIP-043,32.04047221116412,-0.048308423352795206,1,0,335.6311032362349,morning,0.5340078701860687,9.5,3.0,0.05621135475642828
D014,TRIP-047,43.53429690944627,0.12154653540169906,0,0,0.0,morning,0.362785807578719,7.5,4.0,0.04837144101049586
D014,TRIP-048,42.94022314552561,-0.0405806422382532,0,0,0.0,morning,0.3578351928793801,9.5,4.0,0.037666862408355796
D015,TRIP-002,27.714177766131353,-0.10579383143684631,0,0,0.0,morning,0.23095148138442795,7.0,4.0,0.03299306876920399
D015,TRIP-005,70.06827051570367,0.27228148146926234,0,0,0.0,morning,0.5839022542975307,3.0,3.0,0.19463408476584357
D015,TRIP-013,33.95948731231894,0.09696094525613272,0,0,451.0163371624212,afternoon,0.5659914552053158,3.5,4.0,0.16171184434437594
D015,TRIP-014,41.38821786393435,0.04733671532783497,0,0,0.0,afternoon,0.34490181553278626,8.0,5.0,0.04311272694159828
D015,TRIP-015,56.96848553203322,0.2986788273284547,0,0,0.0,afternoon,0.4747373794336102,6.0,4.0,0.07912289657226837
D015,TRIP-016,32.02558084429345,-0.04424640012438991,1,0,0.0,afternoon,0.2668798403691121,8.0,2.0,0.033359980046139014
D015,TRIP-021,34.06355957298661,-0.14764323194734275,0,0,0.0,evening,0.28386299644155516,9.0,4.0,0.031540332937950576
D015,TRIP-023,35.37927685768592,-0.2608758773227739,0,0,0.0,evening,0.2948273071473827,6.0,4.0,0.04913788452456378
D015,TRIP-024,21.595015291481968,-0.32409930295356787,0,0,0.0,evening,0.17995846076234975,8.5,4.0,0.02117158361909997
D015,TRIP-025,46.88468709095467,-0.06945176047274687,0,0,174.21179627558487,evening,0.7814114515159112,9.0,4.5,0.08682349461287903
D015,TRIP-027,48.56124930185523,0.2092101089624029,0,0,182.61364230719536,night,0.8093541550309203,1.5,4.0,0.5395694366872802
D015,TRIP-031,49.21376703371676,0.09770399745948251,0,0,0.0,night,0.410114725280973,10.0,3.0,0.041011472528097295
D015,TRIP-032,59.0364865619082,0.02758429596792613,0,0,0.0,night,0.491970721349235,4.0,3.0,0.12299268033730874
D015,TRIP-036,46.7048890313421,0.14430974115940146,0,0,0.0,night,0.3892074085945175,4.5,4.0,0.08649053524322611
D015,TRIP-037,49.004615970453976,0.06499983619776514,0,0,268.36912485026414,night,0.8167435995075663,6.0,3.5,0.13612393325126104
D015,TRIP-045,39.82618333377438,-0.05264711018514649,1,0,100.20330820222823,morning,0.6637697222295731,3.0,3.5,0.22125657407652435
D016,TRIP-004,25.47398609116758,0.0,0,0,0.0,morning,0.2122832174263965,0.5,4.0,0.424566434852793
D016,TRIP-006,48.069100226741114,-0.059171736489517276,0,0,0.0,morning,0.4005758352228427,4.0,5.0,0.10014395880571067
D016,TRIP-011,27.991394104679863,-0.05903091605931093,0,0,0.0,afternoon,0.23326161753899888,7.5,3.0,0.03110154900519985
D016,TRIP-012,43.085657561127654,-0.10322667247001659,0,0,0.0,afternoon,0.35904714634273044,7.0,4.0,0.05129244947753292
D016,TRIP-017,46.75694648767085,0.09313365114662732,0,0,0.0,afternoon,0.3896412207305905,4.5,4.0,0.08658693794013123
D016,TRIP-018,37.74905602875698,-0.01317290547489159,1,0,0.0,afternoon,0.31457546690630817,8.0,3.0,0.03932193336328852
D016,TRIP-020,31.553264196394796,-0.14011925677440917,0,0,0.0,evening,0.26294386830329,8.0,4.0,0.03286798353791125
D016,TRIP-023,45.62940051737275,0.023457746406777304,0,0,0.0,evening,0.3802450043114396,9.0,4.0,0.042249444923493286
D016,TRIP-028,30.79656113341083,-0.25699526516472854,0,0,0.0,night,0.2566380094450903,7.5,4.0,0.034218401259345374
D016,TRIP-030,48.021617554349326,0.07725138624053057,0,0,0.0,night,0.4001801462862444,9.5,4.0,0.04212422592486783
D016,TRIP-033,52.26929142872572,0.2951929208915086,0,0,0.0,night,0.4355774285727143,3.5,4.0,0.12445069387791838
D016,TRIP-034,34.24705769418286,-0.08151789588366931,0,0,0.0,night,0.2853921474515238,4.0,5.0,0.07134803686288095
D016,TRIP-038,25.722861499214797,-0.09588058318555172,0,0,0.0,night,0.21435717916012334,5.0,5.0,0.04287143583202467
D016,TRIP-040,41.47876327497595,-0.04705125920629456,0,0,0.0,morning,0.34565636062479954,7.5,4.0,0.046087514749973274
D016,TRIP-041,21.02490914896623,-0.05884029809108651,0,0,0.0,morning,0.17520757624138525,3.5,4.0,0.05005930749753864
D016,TRIP-042,45.647231209300536,0.16650059627652664,0,0,0.0,morning,0.3803935934108378,7.5,3.0,0.0507191457881117
D016,TRIP-044,46.0538981644713,0.10482554873781537,0,0,0.2943743224636851,morning,1.1513474541117827,4.5,3.6666666666666665,0.2558549898026184
D016,TRIP-047,46.59369750998481,0.09993921329479451,0,0,0.0,morning,0.38828081258320674,4.0,5.0,0.09707020314580168
D016,TRIP-049,51.14210610361139,0.1067377454780867,0,0,109.2894173342877,morning,0.8523684350601899,5.5,4.0,0.1549760791018527
D017,TRIP-003,48.35621351982984,0.018270470492626777,0,0,0.0,morning,0.402968445998582,2.0,4.0,0.201484222999291
D017,TRIP-004,60.46989831205223,0.06838466084933774,1,0,0.0,morning,0.5039158192671019,5.5,2.0,0.09162105804856399
D017,TRIP-005,75.71436313785968,0.4438684862510512,0,0,0.0,morning,0.6309530261488308,4.0,3.0,0.1577382565372077
D017,TRIP-014,42.61009486832273,0.09021916153686481,1,0,0.0,afternoon,0.3550841239026895,1.5,3.0,0.23672274926845968
D017,TRIP-016,51.51997382565603,0.42044885982841723,0,0,772.4400891216935,afternoon,0.8586662304276005,6.5,4.0,0.13210249698886162
D017,TRIP-019,47.132425707078035,0.16918202892662446,0,0,0.0,evening,0.3927702142256503,9.0,4.0,0.04364113491396114
D017,TRIP-030,63.6600250055418,0.03952336079145257,0,0,0.0,night,0.5305002083795151,1.5,3.0,0.3536668055863434
D017,TRIP-033,47.468762446279456,0.0,0,0,0.0,night,0.39557302038566217,0.5,4.0,0.7911460407713243
D017,TRIP-036,60.502556437202635,-0.020883112595852776,0,0,0.0,night,0.504187970310022,8.5,4.0,0.059316231801179065
D017,TRIP-039,37.85662041588432,-0.017757053813184893,0,0,13.659159193895254,morning,0.630943673598072,7.0,4.0,0.09013481051401029
D017,TRIP-043,21.60717557325088,-0.23468162311886256,0,0,0.0,morning,0.18005979644375736,5.5,5.0,0.032738144807955886
D017,TRIP-046,38.59118969014048,0.010437247377336985,1,0,0.0,morning,0.32159324741783735,1.0,2.0,0.32159324741783735
D017,TRIP-048,49.23437762861199,0.01920973727969848,0,0,0.0,morning,0.4102864802384332,8.0,4.0,0.05128581002980415
D017,TRIP-049,28.700925791792255,-0.0726664997667175,0,0,0.0,morning,0.2391743815982688,10.0,3.0,0.02391743815982688
D018,TRIP-001,45.41693438376998,0.05113352832787263,0,0,0.0,morning,0.37847445319808315,4.0,4.0,0.09461861329952079
D018,TRIP-012,61.73140319598332,0.2766880203383758,0,0,0.0,afternoon,0.5144283599665276,2.5,4.0,0.20577134398661104
D018,TRIP-013,33.787929077624355,-0.0003692665292817902,0,0,162.15077488986037,afternoon,0.5631321512937393,7.5,4.0,0.07508428683916524
D018,TRIP-015,44.08081156630277,-0.20566648611494287,0,0,0.0,afternoon,0.36734009638585646,5.0,4.0,0.0734680192771713
D018,TRIP-018,29.459545754886587,0.15192177910011687,0,0,0.0,afternoon,0.24549621462405488,6.0,4.0,0.04091603577067581
D018,TRIP-023,37.824356369083304,-0.11296448293829915,0,0,55.579692034762346,evening,0.6304059394847217,9.5,4.5,0.06635851994576018
D018,TRIP-026,50.485396491521385,-0.017506328144910613,0,0,0.0,night,0.42071163742934486,7.5,3.0,0.05609488499057932
D018,TRIP-031,39.33002009444463,0.06345497879090398,0,0,262.15222047647956,night,0.9832505023611158,9.0,3.6666666666666665,0.10925005581790176
D018,TRIP-034,50.10960979928993,0.20948339613872438,0,0,651.9631612886247,night,0.8351601633214989,8.0,4.0,0.10439502041518736
D018,TRIP-035,40.82165642234404,0.11891551634370273,0,0,0.0,night,0.34018047018620035,1.0,4.0,0.34018047018620035
D018,TRIP-036,32.586247848920614,0.10352428781354404,0,0,0.0,night,0.2715520654076718,7.5,4.0,0.03620694205435624
D018,TRIP-041,27.379661342803573,-0.11013048508815482,0,0,0.0,morning,0.22816384452336314,3.0,4.0,0.07605461484112104
D018,TRIP-045,31.79687439802092,-0.07982740850629888,0,0,0.0,morning,0.264973953316841,9.5,5.0,0.02789199508598326
D018,TRIP-050,33.54772363086565,-0.17922264853191308,0,0,0.0,afternoon,0.2795643635905471,5.5,5.0,0.05082988428919038
D019,TRIP-003,19.512674132468817,-0.28083587723487274,0,0,0.0,morning,0.16260561777057347,6.0,5.0,0.02710093629509558
D019,TRIP-009,51.55348828420832,-0.00528381251009827,0,0,0.0,morning,0.4296124023684027,9.5,4.0,0.045222358144042386
D019,TRIP-013,32.89648569980699,0.1530205447639298,0,0,156.5117694924064,afternoon,0.5482747616634498,8.0,4.5,0.06853434520793122
D019,TRIP-015,72.902540083239,0.3997392321869431,0,0,0.0,afternoon,0.607521167360325,7.0,3.0,0.08678873819433215
D019,TRIP-016,60.56288788986647,0.1742530834534629,0,0,0.0,afternoon,0.504690732415554,2.0,4.0,0.252345366207777
D019,TRIP-017,45.52090012359576,-0.12821053449197753,0,0,0.0,afternoon,0.37934083436329796,2.5,4.0,0.1517363337453192
D019,TRIP-021,39.42364563142988,-0.0807032157673575,0,0,0.0,evening,0.3285303802619157,7.0,5.0,0.04693291146598796
D019,TRIP-027,54.95592262956944,0.3105674120344073,0,0,0.0,night,0.4579660219130787,4.5,4.0,0.10177022709179527
D019,TRIP-031,44.48075430296266,0.0,0,0,0.0,night,0.3706729525246888,0.5,5.0,0.7413459050493776
D019,TRIP-035,42.11813531395294,0.13977010054534988,0,0,0.0,night,0.3509844609496079,4.5,5.0,0.07799654687769064
D019,TRIP-036,62.757932597554735,0.2793674513762419,0,0,0.0,night,0.5229827716462895,8.0,4.0,0.06537284645578618
D019,TRIP-038,39.75977320786686,0.031119451321439465,0,0,0.0,night,0.3313314433988905,6.5,4.0,0.05097406821521392
D019,TRIP-044,41.99983394276216,-0.03315473693907431,0,0,0.0,morning,0.3499986161896847,5.0,4.0,0.06999972323793693
D019,TRIP-049,49.285992923707354,0.05049995043876597,0,0,0.0,morning,0.4107166076975613,6.5,4.0,0.06318717041500943
D020,TRIP-001,50.89446336690913,0.08154506867476195,0,0,0.0,morning,0.4241205280575761,3.0,4.0,0.14137350935252538
D020,TRIP-002,45.72193713188933,0.07497678478060289,0,0,0.0,morning,0.3810161427657444,2.0,4.0,0.1905080713828722
D020,TRIP-003,42.202141877052824,0.0,0,0,0.0,morning,0.3516845156421069,0.5,4.0,0.7033690312842138
D020,TRIP-005,40.661870517023345,0.25018560858340233,0,0,0.0,morning,0.3388489209751946,2.5,4.0,0.13553956839007783
D020,TRIP-017,48.00647312238206,0.12439269546292658,0,0,0.0,afternoon,0.40005394268651717,1.5,5.0,0.2667026284576781
D020,TRIP-018,45.63544947250605,-0.22578638038721538,0,0,0.0,afternoon,0.3802954122708838,2.0,3.0,0.1901477061354419
D020,TRIP-019,36.8051496140625,-0.0903352095918553,0,0,0.0,evening,0.3067095801171876,6.5,5.0,0.04718608924879809
D020,TRIP-026,16.031063878485917,-0.2781558281576713,0,0,0.0,night,0.13359219898738267,1.0,5.0,0.13359219898738267
D020,TRIP-029,61.49372544235151,0.2509840621114981,0,0,0.0,night,0.5124477120195959,6.0,4.0,0.085407952003266
D020,TRIP-032,23.913656759409797,-0.049040775153386416,0,0,0.0,night,0.19928047299508164,2.5,4.0,0.07971218919803266
D020,TRIP-036,28.420048172869176,0.035928303077231286,0,0,14.57339993028019,night,0.47366746954781963,5.0,4.5,0.09473349390956393
D020,TRIP-039,16.07282996478357,-0.3773336648317643,0,0,0.0,morning,0.13394024970652976,9.5,5.0,0.014098973653318922
D020,TRIP-040,34.79067784604823,0.009810217192338358,0,0,0.0,morning,0.2899223153837353,5.5,5.0,0.05271314825158824
D020,TRIP-041,40.43332210396154,0.17970752736106765,0,0,0.0,morning,0.33694435086634617,4.0,4.0,0.08423608771658654
D020,TRIP-043,16.672150846178404,0.0,0,0,0.0,morning,0.13893459038482003,0.5,4.0,0.27786918076964007
D020,TRIP-045,48.514402927688494,0.1547919308302553,0,0,0.0,morning,0.4042866910640708,10.0,5.0,0.04042866910640708
D020,TRIP-046,48.243357911766665,0.11061067714677884,0,0,0.0,morning,0.4020279825980556,3.0,4.0,0.1340093275326852
D021,TRIP-001,42.59032777826806,-0.046973666849848786,0,0,0.0,morning,0.35491939815223383,8.5,4.0,0.04175522331202751
D021,TRIP-002,64.80452802101655,0.09170333801100394,0,0,0.0,morning,0.5400377335084713,3.5,4.0,0.15429649528813466
D021,TRIP-007,45.66025726237409,-0.03375382969900815,0,0,0.0,morning,0.3805021438531174,5.5,4.0,0.06918220797329408
D021,TRIP-009,56.97956429795995,0.1899255947238854,0,0,0.0,morning,0.47482970248299966,4.5,3.0,0.10551771166288881
D021,TRIP-012,37.32950233394632,-0.04108325572674918,0,0,0.0,afternoon,0.3110791861162194,10.0,4.0,0.03110791861162194
D021,TRIP-017,35.148384572741676,-0.03964464977630928,0,0,18.7436726650765,afternoon,0.5858064095456946,7.0,4.5,0.08368662993509923
D021,TRIP-020,35.308737164017295,0.05456541906024478,1,0,0.0,evening,0.29423947636681086,4.5,3.0,0.06538655030373575
D021,TRIP-022,44.298265165722704,0.08781937234369093,0,0,49.69531414478024,evening,1.1074566291430676,5.5,4.0,0.20135575075328502
D021,TRIP-024,46.712310504739975,-0.0784264492105964,0,0,0.0,evening,0.38926925420616654,10.0,4.0,0.038926925420616654
D021,TRIP-025,33.04358906231647,-0.11598173018854788,0,0,0.0,evening,0.27536324218597064,3.5,4.0,0.07867521205313446
D021,TRIP-031,36.88473013060631,-0.050877244424593356,0,0,0.0,night,0.3073727510883859,2.0,4.0,0.15368637554419295
D021,TRIP-034,43.05099044961914,-0.08051603730864414,0,0,0.0,night,0.3587582537468262,3.5,3.0,0.10250235821337891
D021,TRIP-040,40.338432538263135,0.2825823515618817,0,0,0.0,morning,0.33615360448552617,1.0,4.0,0.33615360448552617
D021,TRIP-046,36.29740477991455,-0.09809533805691899,0,0,0.0,morning,0.3024783731659546,2.5,5.0,0.12099134926638185
D021,TRIP-047,36.48379497786898,0.13081581619627872,0,0,17.58998947902181,morning,0.6080632496311497,8.5,4.5,0.07153685289778232
D021,TRIP-049,48.23879207381875,-0.028736413429114607,0,0,0.0,morning,0.4019899339484896,3.5,3.0,0.1148542668424256
D021,TRIP-050,35.70739381276907,0.011157756104943376,0,0,0.0,afternoon,0.2975616151064089,2.0,4.0,0.14878080755320444
D022,TRIP-001,49.79021944586908,0.040493380204621295,0,0,0.0,morning,0.41491849538224235,4.5,4.0,0.09220411008494274
D022,TRIP-005,30.646885649469603,0.018657242673843447,0,0,0.0,morning,0.25539071374558003,1.5,4.0,0.1702604758303867
D022,TRIP-007,37.47979961949887,-0.1698728132739851,0,0,0.0,morning,0.3123316634958239,2.5,5.0,0.12493266539832956
D022,TRIP-008,21.583858216206927,-0.37252200999376345,0,0,0.0,morning,0.17986548513505776,9.5,4.0,0.018933208961585027
D022,TRIP-011,55.74510339699572,0.13238274708387204,0,0,0.0,afternoon,0.4645425283082977,10.0,4.0,0.04645425283082977
D022,TRIP-014,40.13618174771463,-0.003154801881578706,0,0,0.0,afternoon,0.3344681812309553,5.0,4.0,0.06689363624619106
D022,TRIP-019,25.973244811099363,-0.10002891192826854,0,0,0.0,evening,0.21644370675916136,7.5,5.0,0.028859160901221516
D022,TRIP-020,31.95482119544489,-0.031054777486781523,0,0,0.0,evening,0.26629017662870746,5.0,5.0,0.05325803532574149
D022,TRIP-022,48.23804049698546,0.2348343905438668,0,0,18.824727241041934,evening,0.8039673416164244,3.5,4.5,0.22970495474754982
D022,TRIP-024,35.40180978416712,-0.0410161565158847,0,0,0.0,evening,0.295015081534726,2.0,4.0,0.147507540767363
D022,TRIP-026,35.55795243335932,0.10827942163228267,0,0,0.0,night,0.29631627027799434,4.0,4.0,0.07407906756949859
D022,TRIP-028,58.55204977120152,0.35160688680893354,0,0,0.0,night,0.48793374809334594,7.0,5.0,0.06970482115619228
D022,TRIP-030,25.09377517151128,-0.15667414357048084,1,0,53.77566398675287,night,0.4182295861918547,7.0,4.0,0.059747083741693525
D022,TRIP-032,50.73526307818396,0.07594382256482775,1,0,56.649912353048464,night,0.8455877179697326,8.5,3.5,0.09948090799643913
D022,TRIP-037,19.753006918563152,-0.3781056953163843,0,0,0.0,night,0.16460839098802627,3.5,5.0,0.04703096885372179
D022,TRIP-041,43.44300914406788,0.0,0,0,0.0,morning,0.3620250762005657,0.5,3.0,0.7240501524011314
D022,TRIP-042,55.924937224164,0.19551226263474272,0,0,0.0,morning,0.4660411435347,9.0,3.0,0.05178234928163333
D022,TRIP-045,38.43381904123608,-0.12681970225209252,0,0,0.0,morning,0.32028182534363403,1.0,4.0,0.32028182534363403
D022,TRIP-048,38.848032458797704,0.07529962165508941,0,0,1.965558183966162,morning,0.6474672076466284,5.5,4.5,0.11772131048120515
D023,TRIP-001,47.4436515637093,0.16634807435408588,0,0,275.6046831117899,morning,1.1860912890927326,9.5,4.0,0.12485171464134028
D023,TRIP-005,34.316934628274694,-0.2097600048432803,0,0,0.0,morning,0.2859744552356225,5.0,4.0,0.057194891047124496
D023,TRIP-006,40.381240819542654,0.10237229487549548,0,0,676.7678109027231,morning,0.6730206803257108,3.0,5.0,0.22434022677523693
D023,TRIP-007,28.629522552569053,-0.08194700987897977,0,0,0.0,morning,0.2385793546047421,3.0,5.0,0.07952645153491404
D023,TRIP-010,31.95952967733584,-0.20613883167402627,0,0,0.0,morning,0.26632941397779863,10.0,4.0,0.026632941397779865
D023,TRIP-011,43.08967881499189,0.06805617358104245,0,0,0.0,afternoon,0.3590806567915992,2.0,4.0,0.1795403283957996
D023,TRIP-012,34.0539119623662,-0.21104498640752964,0,0,0.0,afternoon,0.283782599686385,8.0,4.0,0.03547282496079812
D023,TRIP-015,27.997841780084112,-0.2958022758602589,0,0,335.82224971663334,afternoon,0.4666306963347352,8.5,4.5,0.05489772898055708
D023,TRIP-019,49.84578925925471,-0.11605786619180539,0,0,0.0,evening,0.41538157716045593,3.0,5.0,0.13846052572015197
D023,TRIP-020,47.83041632511375,-0.02330314789304436,0,0,0.0,evening,0.3985868027092813,2.5,4.0,0.15943472108371254
D023,TRIP-021,34.61003429469324,-0.031178659412533526,0,0,0.0,evening,0.288416952455777,4.5,3.0,0.06409265610128377
D023,TRIP-027,37.00013991930268,-0.032257140823033895,0,0,4.369689919670224,night,0.6166689986550449,5.0,4.5,0.12333379973100897
D023,TRIP-029,25.151900254635443,-0.14239838885231332,0,0,0.0,night,0.2095991687886287,8.5,4.0,0.02465872573983867
D023,TRIP-030,41.77638109791624,-0.028009190720947784,0,0,0.0,night,0.34813650914930205,3.5,4.0,0.09946757404265773
D023,TRIP-037,49.88817796718022,0.24104258698153896,1,0,0.0,night,0.4157348163931685,8.0,3.0,0.05196685204914606
D023,TRIP-043,24.30341774129898,-0.2360184397350835,1,0,0.0,morning,0.2025284811774915,9.0,4.0,0.022503164575276832
D023,TRIP-044,43.90212155834877,0.017613774218394516,0,0,0.0,morning,0.3658510129862398,5.5,5.0,0.06651836599749815
D023,TRIP-048,34.90961173566267,-0.10673508382479481,0,0,0.0,morning,0.29091343113052226,1.5,4.0,0.19394228742034816
D024,TRIP-002,23.19741338783757,0.06052485992857933,0,0,0.0,morning,0.19331177823197976,4.5,5.0,0.042958172940439944
D024,TRIP-003,45.70592369739009,-0.004514565236501807,1,0,0.0,morning,0.3808826974782508,3.0,4.0,0.12696089915941694
D024,TRIP-005,36.74773274927789,-0.01804055697042397,0,0,5.3207366457451,morning,0.6124622124879648,9.5,4.5,0.06446970657768052
D024,TRIP-010,54.997663832934585,0.08987079306110513,0,0,0.0,morning,0.4583138652744549,1.5,4.0,0.3055425768496366
D024,TRIP-014,51.163040151442495,0.013938907468859618,0,0,0.0,afternoon,0.4263586679286875,4.0,4.0,0.10658966698217187
D024,TRIP-016,30.809381378193088,0.21488333277364322,0,0,31.02562175718881,afternoon,0.5134896896365515,4.5,4.0,0.11410881991923366
D024,TRIP-019,52.48247113868395,0.04953745770005475,0,0,0.0,evening,0.43735392615569957,9.5,3.0,0.04603725538481048
D024,TRIP-021,37.977329511246865,0.051168455334074166,0,0,0.0,evening,0.3164777459270572,4.0,5.0,0.0791194364817643
D024,TRIP-022,44.245153347902416,-0.056259289461244616,0,0,0.0,evening,0.36870961123252016,4.5,4.0,0.08193546916278226
D024,TRIP-024,44.222692814877234,0.14785085730752107,0,0,0.0,evening,0.368522440123977,6.5,4.0,0.056695760019073387
D024,TRIP-029,34.38744673430972,-0.07171874063569549,0,0,0.0,night,0.2865620561192476,5.5,4.0,0.052102192021681384
D024,TRIP-030,34.49875671775699,0.03907068266917471,0,0,0.0,night,0.28748963931464155,7.5,4.0,0.03833195190861887
D024,TRIP-031,42.37947252846239,-0.03430293190170287,0,0,0.0,night,0.3531622710705199,1.5,4.0,0.23544151404701327
D024,TRIP-032,29.21006047597553,0.06332421484824101,0,0,0.0,night,0.24341717063312943,2.0,3.0,0.12170858531656471
D024,TRIP-034,39.20331515088236,-0.042510053366410894,0,0,0.0,night,0.3266942929240197,5.0,4.0,0.06533885858480394
D024,TRIP-035,37.06239709832439,-0.10286738672753977,0,0,0.0,night,0.30885330915270326,9.5,5.0,0.032510874647652975
D024,TRIP-039,41.86512796891524,-0.020025628767329037,0,0,0.0,morning,0.348876066407627,2.5,3.0,0.13955042656305078
D024,TRIP-040,9.819538569579915,0.0,0,0,0.0,morning,0.08182948807983263,0.5,5.0,0.16365897615966526
D024,TRIP-045,32.66932130117693,-0.06584888070756331,0,0,0.0,morning,0.27224434417647436,5.5,5.0,0.04949897166844988
D024,TRIP-048,37.63084553629553,-0.04916090378916736,0,0,0.0,morning,0.31359037946912943,10.0,4.0,0.03135903794691294
D024,TRIP-049,47.23153325850241,0.038704698351045036,0,0,77.73965352754527,morning,0.7871922209750402,7.0,4.0,0.11245603156786288
D025,TRIP-003,42.921478128398654,-0.05543426728435889,1,0,0.0,morning,0.35767898440332213,5.0,3.0,0.07153579688066443
D025,TRIP-004,39.61203698889863,-0.19312834558475553,0,0,0.0,morning,0.330100308240822,6.0,4.0,0.055016718040137
D025,TRIP-005,40.32717645782654,0.05565038731066523,0,0,0.0,morning,0.3360598038152212,5.5,5.0,0.0611017825118584
D025,TRIP-008,37.652760935715094,0.14934339021762547,0,0,39.760349366940005,morning,0.6275460155952516,4.5,4.5,0.13945467013227814
D025,TRIP-012,29.08439323012033,-0.0012037765830565188,0,0,0.0,afternoon,0.24236994358433608,4.0,4.0,0.06059248589608402
D025,TRIP-013,34.23852892244448,-0.07919988307889868,1,0,0.0,afternoon,0.28532107435370396,6.5,3.0,0.04389554990056984
D025,TRIP-014,24.988044028217836,-0.1518534614418196,0,0,0.0,afternoon,0.20823370023514864,8.5,5.0,0.02449808238060572
D025,TRIP-020,46.68614392803099,-0.06113441862994051,0,0,0.0,evening,0.38905119940025823,7.5,4.0,0.051873493253367764
D025,TRIP-021,53.24400331030966,-0.08968196065922,0,0,0.0,evening,0.44370002758591387,2.5,4.0,0.17748001103436556
D025,TRIP-024,40.89234981748522,0.09975081993424949,0,0,2.2505726139769955,evening,0.6815391636247536,1.5,4.5,0.45435944241650245
D025,TRIP-025,51.33301177771899,0.1472372214223562,0,0,169.41091814599372,evening,1.283325294442975,10.0,4.0,0.1283325294442975
D025,TRIP-028,31.89128507590029,0.0007559962916121303,0,0,2.0526473534736396,night,0.5315214179316714,9.5,4.0,0.055949622940175935
D025,TRIP-029,29.35602327124559,0.0,0,0,0.0,night,0.24463352726037993,0.5,4.0,0.48926705452075986
D025,TRIP-035,27.978780657224146,0.0,0,0,0.0,night,0.2331565054768679,0.5,4.0,0.4663130109537358
D025,TRIP-038,22.004950525564805,0.0,0,0,0.0,night,0.18337458771304005,0.5,5.0,0.3667491754260801
D025,TRIP-039,54.62004778702456,0.3569186835392685,0,0,0.0,morning,0.4551670648918714,10.0,3.0,0.04551670648918714
D025,TRIP-042,30.76277346542948,-0.05660315412879058,0,0,0.0,morning,0.2563564455452457,2.5,4.0,0.10254257821809828
D025,TRIP-046,50.138069027511705,0.08760968216172493,0,0,0.06799335293598334,morning,0.8356344837918618,8.5,4.0,0.0983099392696308
D025,TRIP-047,47.36752676858382,0.1754968625829851,0,0,278.16134977957466,morning,1.1841881692145955,9.5,4.666666666666667,0.12465138623311531
D025,TRIP-048,34.051639087720666,-0.2193137298736895,0,0,0.0,morning,0.2837636590643389,3.0,4.0,0.09458788635477965
D025,TRIP-049,13.441271823678026,-0.3221992615753771,0,0,0.0,morning,0.11201059853065021,4.0,5.0,0.028002649632662552
D025,TRIP-050,32.00175422471782,-0.07183833917262354,0,0,0.0,afternoon,0.26668128520598183,8.0,5.0,0.03333516065074773
D026,TRIP-002,33.00902901238079,-0.09024926442978601,0,0,0.0,morning,0.27507524176984,5.5,5.0,0.05001368032178909
D026,TRIP-007,21.642828361926306,-0.2223836009300721,1,0,0.0,morning,0.18035690301605256,6.0,4.0,0.03005948383600876
D026,TRIP-008,27.27690071264656,-0.13434983351092702,0,0,0.0,morning,0.22730750593872137,2.5,5.0,0.09092300237548855
D026,TRIP-010,37.95100813722438,0.05045499961450884,1,0,53.91877881401159,morning,0.6325168022870731,7.0,4.0,0.09035954318386759
D026,TRIP-018,35.93383381151762,0.20229508421122577,2,0,238.66469199202902,afternoon,0.5988972301919603,1.0,3.0,0.5988972301919603
D026,TRIP-020,36.04102317839832,-0.03149937382134151,1,0,0.0,evening,0.30034185981998596,6.0,3.0,0.05005697663666433
D026,TRIP-027,21.41464212985346,-0.03017326184323649,0,0,0.0,night,0.17845535108211213,4.0,5.0,0.044613837770528034
D026,TRIP-033,58.36878871045594,0.3019366122473253,0,0,0.0,night,0.4864065725871328,8.0,4.0,0.0608008215733916
D026,TRIP-034,34.46044491692247,-0.03458751863061753,0,0,0.0,night,0.2871703743076872,9.5,4.0,0.03022846045344076
D026,TRIP-038,36.077964483254384,-0.11347140133416733,0,0,0.0,night,0.3006497040271199,4.5,5.0,0.06681104533935997
D026,TRIP-040,66.30288825693299,0.24041162702472085,0,0,0.0,morning,0.5525240688077749,1.5,4.0,0.3683493792051833
D026,TRIP-043,52.91419985596385,0.07332743937808056,0,0,0.0,morning,0.44095166546636544,7.0,4.0,0.06299309506662364
D026,TRIP-045,30.42448626710267,0.15613344256493533,0,0,0.0,morning,0.2535373855591889,7.5,4.0,0.03380498474122519
D026,TRIP-046,26.626290077543853,0.11278191635985507,0,0,0.0,morning,0.22188575064619878,9.5,5.0,0.02335639480486303
D027,TRIP-002,39.139911561310754,-0.03695338559879004,0,0,0.0,morning,0.32616592967758967,6.5,4.0,0.050179373796552254
D027,TRIP-003,33.99056341098888,0.13405453035666723,0,0,0.0,morning,0.28325469509157397,6.5,4.0,0.043577645398703686
D027,TRIP-006,27.34435733360689,-0.2229466563216274,0,0,0.0,morning,0.22786964444672408,8.5,5.0,0.02680819346432048
D027,TRIP-009,34.95906734868039,-0.035046335096411065,0,0,106.37234981307144,morning,0.8739766837170099,8.0,4.333333333333333,0.10924708546462623
D027,TRIP-010,45.29161818233523,-0.1417432882881617,0,0,0.0,morning,0.37743015151946024,1.0,4.0,0.37743015151946024
D027,TRIP-011,41.44776671193754,-0.11453090538554858,0,0,0.0,afternoon,0.34539805593281286,9.5,3.0,0.03635769009819083
D027,TRIP-014,49.65763814480566,-0.05348280848584868,0,0,0.0,afternoon,0.4138136512067138,3.5,4.0,0.11823247177334681
D027,TRIP-018,30.39297881646577,0.011610053319454573,0,0,305.67583315942574,afternoon,0.5065496469410963,9.0,5.0,0.056283294104566256
D027,TRIP-022,35.875739824746596,-0.06522177911846108,0,0,0.0,evening,0.2989644985395549,1.5,3.0,0.19930966569303663
D027,TRIP-023,45.24056760268406,0.1174798034255394,1,0,0.0,evening,0.3770047300223671,10.0,2.0,0.03770047300223671
D027,TRIP-025,25.42577253220876,-0.11028961142841297,0,0,0.0,evening,0.21188143776840632,5.0,5.0,0.042376287553681266
D027,TRIP-027,53.60256129403247,0.05930699094866411,0,0,0.0,night,0.44668801078360393,3.0,3.0,0.14889600359453464
D027,TRIP-031,32.74793716664033,-0.0900588390528851,1,0,0.0,night,0.2728994763886694,7.5,3.0,0.036386596851822585
D027,TRIP-035,39.082649632532856,0.009876950242865827,1,0,112.79282511990375,night,0.9770662408133215,8.5,3.6666666666666665,0.1149489695074496
D027,TRIP-037,48.65876983084334,0.09618024078848281,0,0,269.9035296385787,night,0.8109794971807223,9.5,4.0,0.08536626286112865
D027,TRIP-038,40.27457867292796,0.08389371638537657,1,0,115.15789802833548,night,1.006864466823199,7.5,3.6666666666666665,0.13424859557642652
D027,TRIP-040,46.56029926925576,0.05104184797363877,0,0,0.0,morning,0.38800249391046465,7.0,5.0,0.05542892770149495
D027,TRIP-042,22.049461623334988,0.0,0,0,0.0,morning,0.18374551352779156,0.5,4.0,0.3674910270555831
D027,TRIP-046,39.67409879915109,0.010026936194542676,0,0,0.0,morning,0.33061748999292573,1.5,4.0,0.2204116599952838
D027,TRIP-047,43.2804009516631,0.09727467763924261,0,0,0.0,morning,0.3606700079305258,10.0,4.0,0.03606700079305258
D027,TRIP-049,52.93544674126909,0.2634988487443802,0,0,0.0,morning,0.44112872284390914,1.0,4.0,0.44112872284390914
D028,TRIP-001,24.893895501373656,-0.07130573702948008,0,0,0.0,morning,0.20744912917811378,1.0,4.0,0.20744912917811378
D028,TRIP-004,53.08435494032375,0.019354627343225062,0,0,0.0,morning,0.44236962450269796,5.0,4.0,0.0884739249005396
D028,TRIP-005,54.18368858346177,0.07388425761153936,0,0,0.0,morning,0.4515307381955148,7.5,4.0,0.06020409842606864
D028,TRIP-009,31.410281573576587,-0.04635245300778881,0,0,0.0,morning,0.26175234644647155,2.0,5.0,0.13087617322323578
D028,TRIP-013,38.51327225511329,0.1812103179816306,0,0,0.0,afternoon,0.32094393545927746,4.0,5.0,0.08023598386481937
D028,TRIP-016,25.763978857343535,-0.08318549171318525,0,0,0.0,afternoon,0.21469982381119612,5.0,4.0,0.04293996476223923
D028,TRIP-018,29.75903152300415,0.012467062236388552,0,0,0.0,afternoon,0.24799192935836792,10.0,4.0,0.02479919293583679
D028,TRIP-019,53.24456643268717,0.031470159013263554,0,0,0.0,evening,0.44370472027239316,3.5,4.0,0.12677277722068375
D028,TRIP-021,32.96142293774388,-0.27037268095647904,0,0,0.0,evening,0.27467852448119906,1.5,4.0,0.18311901632079938
D028,TRIP-025,37.84289786891985,0.06173289259123618,0,0,6.977679377691158,evening,0.6307149644819975,4.0,4.0,0.15767874112049937
D028,TRIP-028,47.62644077698486,0.12732982664712342,0,0,37.327258074892335,night,0.7937740129497477,9.0,4.5,0.08819711254997196
D028,TRIP-029,57.936262904372555,0.03211079058699428,0,0,0.0,night,0.4828021908697713,4.5,4.0,0.10728937574883807
D028,TRIP-032,27.411916929154163,-0.16667802435038498,0,0,0.0,night,0.2284326410762847,9.0,3.0,0.025381404564031634
D028,TRIP-033,34.39822065052262,0.10474404129815691,0,0,0.0,night,0.2866518387543551,9.5,4.0,0.030173877763616328
D028,TRIP-038,50.383802824244555,0.1274997201161809,0,0,0.0,night,0.41986502353537125,8.5,5.0,0.04939588512180838
D028,TRIP-044,46.39616894981367,-0.06205970501809528,0,0,0.0,morning,0.38663474124844727,2.0,4.0,0.19331737062422363
D028,TRIP-045,38.26323218457136,0.07258098071730264,0,0,0.0,morning,0.3188602682047613,8.0,4.0,0.039857533525595165
D029,TRIP-002,40.15541845544914,0.0,0,0,0.0,morning,0.3346284871287428,0.5,4.0,0.6692569742574856
D029,TRIP-008,42.8177690415468,-0.0517920194056123,0,0,0.0,morning,0.35681474201289,8.5,5.0,0.04197820494269294
D029,TRIP-009,42.07070115561231,-0.08780358452403712,0,0,0.0,morning,0.3505891762967693,10.0,4.0,0.03505891762967693
D029,TRIP-014,48.81343368940361,0.05193360245576084,0,0,0.0,afternoon,0.4067786140783634,6.0,4.0,0.06779643567972723
D029,TRIP-017,47.167672497583695,0.11929819360385281,0,0,0.0,afternoon,0.3930639374798641,8.0,5.0,0.049132992184983015
D029,TRIP-018,24.012251171675082,-0.13280697520168125,0,0,38.725942512451915,afternoon,0.40020418619458475,9.5,5.0,0.04212675644153524
D029,TRIP-023,54.57556972254477,0.2756710084792039,1,0,1.0384086433567556,evening,0.9095928287090795,8.0,3.5,0.11369910358863494
D029,TRIP-025,65.96387799069684,0.27355111041957597,0,0,0.0,evening,0.5496989832558071,7.0,4.0,0.07852842617940102
D029,TRIP-026,34.30990820284116,0.09950265147279594,0,0,0.0,night,0.285915901690343,3.0,4.0,0.09530530056344766
D029,TRIP-030,39.67846784037203,0.008449979611156167,1,0,0.0,night,0.3306538986697669,9.0,3.0,0.036739322074418546
D029,TRIP-039,35.10612296717747,-0.013001889547167404,0,0,0.0,morning,0.2925510247264789,4.0,4.0,0.07313775618161973
D029,TRIP-042,36.77640073425412,0.13247868127186552,0,0,166.0291671926356,morning,0.6129400122375686,7.0,4.5,0.08756285889108122
D029,TRIP-043,46.16795649513145,0.2850766780138192,0,0,77.56352006297273,morning,0.7694659415855242,10.0,4.5,0.07694659415855241
D029,TRIP-047,25.45051265380927,-0.361715756022276,0,0,0.0,morning,0.2120876054484106,2.5,4.0,0.08483504217936425
D030,TRIP-004,29.09010859497851,-0.1742069714216531,0,0,0.0,morning,0.24241757162482094,9.0,4.0,0.026935285736091216
D030,TRIP-014,43.20460462418144,0.02841132293024824,0,0,0.0,afternoon,0.36003837186817866,5.5,4.0,0.06546152215785067
D030,TRIP-019,60.77584695891012,0.17488434206876455,0,0,0.0,evening,0.5064653913242511,5.0,4.0,0.1012930782648502
D030,TRIP-020,42.75553516196384,0.0,0,0,0.0,evening,0.3562961263496987,0.5,5.0,0.7125922526993974
D030,TRIP-026,44.602528089687056,-0.013249523729648278,0,0,0.0,night,0.3716877340807255,6.5,5.0,0.05718272832011161
D030,TRIP-028,52.56411009571977,-0.0028936649288680747,0,0,0.0,night,0.4380342507976648,4.5,5.0,0.09734094462170328
D030,TRIP-031,54.6782812651199,0.17221045560049816,0,0,0.0,night,0.4556523438759992,8.5,4.0,0.05360615810305873
D030,TRIP-032,61.21957970076126,0.43550310291860467,0,0,0.0,night,0.5101631641730106,7.0,3.0,0.0728804520247158
D030,TRIP-034,51.387279878051125,0.04837769796378666,0,0,0.0,night,0.4282273323170927,7.5,4.0,0.05709697764227903
D030,TRIP-037,31.016376231564003,-0.05279678528683433,0,0,0.0,night,0.25846980192970004,1.5,5.0,0.17231320128646668
D030,TRIP-040,16.37023256831743,-0.2976232337114892,0,0,0.0,morning,0.13641860473597858,8.5,4.0,0.01604924761599748
D030,TRIP-042,50.58525738689054,0.26422033114403287,0,0,0.0,morning,0.42154381155742116,1.0,4.0,0.42154381155742116
D030,TRIP-045,39.09019125018144,0.05872463063834429,0,0,0.0,morning,0.325751593751512,2.0,4.0,0.162875796875756
D031,TRIP-008,26.654074733268068,-0.13957260013466297,0,0,83.53823985333254,morning,0.4442345788878011,7.5,4.0,0.05923127718504015
D031,TRIP-009,46.16554496296733,0.07752572988773215,0,0,0.0,morning,0.3847128746913945,3.5,4.0,0.10991796419754128
D031,TRIP-011,35.70388115858427,0.000661683512130414,0,0,0.0025533958095538007,afternoon,0.5950646859764045,1.5,4.5,0.3967097906509363
D031,TRIP-012,41.41486430858521,0.15193268825251519,1,0,189.88294992177606,afternoon,1.0353716077146302,5.5,4.0,0.18824938322084186
D031,TRIP-013,59.85974050883902,0.33156935587756675,0,0,0.0,afternoon,0.4988311709069918,8.5,4.0,0.05868602010670492
D031,TRIP-015,49.499789775073495,0.014973975744272039,0,0,0.0,afternoon,0.4124982481256125,3.0,3.0,0.13749941604187083
D031,TRIP-019,36.776367299352366,-0.00026650291398275054,1,0,0.0,evening,0.30646972749460305,7.0,3.0,0.04378138964208615
D031,TRIP-020,36.60269198517696,0.17882633156319003,0,0,0.0,evening,0.30502243320980804,3.5,5.0,0.08714926663137372
D031,TRIP-022,25.943883883228334,-0.006084133941902822,0,0,0.0,evening,0.2161990323602361,3.0,4.0,0.0720663441200787
D031,TRIP-023,24.082542466558422,-0.09578485753774739,0,0,0.0,evening,0.20068785388798685,3.5,5.0,0.0573393868251391
D031,TRIP-024,47.585393215220535,-0.04922313043876792,0,0,0.0,evening,0.3965449434601711,5.5,4.0,0.07209908062912201
D031,TRIP-026,49.2174860216166,-0.01173991175837763,0,0,0.0,night,0.410145716846805,8.0,5.0,0.051268214605850626
D031,TRIP-027,24.673354408923,-0.2678630267139766,0,0,0.0,night,0.205611286741025,3.5,5.0,0.058746081926007145
D031,TRIP-030,44.96791091103162,0.2335742664143351,0,0,0.05546928812845479,night,0.7494651818505269,4.5,4.0,0.166547818189006
D031,TRIP-036,24.257918462029977,-0.26723455929156636,0,0,0.0,night,0.2021493205169165,2.5,5.0,0.0808597282067666
D031,TRIP-037,54.862599458943194,0.31000894462912326,0,0,0.0,night,0.45718832882452665,5.5,3.0,0.08312515069536848
D031,TRIP-039,42.3199680034328,0.01712964028787495,0,0,0.0,morning,0.35266640002860666,7.5,4.0,0.04702218667048089
D031,TRIP-041,59.67386391301003,0.2490080378701977,0,0,0.0,morning,0.49728219927508366,9.5,3.0,0.05234549466053512
D031,TRIP-045,53.15525291110919,0.1214709838891545,0,0,6.288153524202692,morning,0.8859208818518198,8.5,3.5,0.1042259861002141
D032,TRIP-002,19.245038883890253,-0.24515646525925072,0,0,0.0,morning,0.16037532403241878,2.5,5.0,0.06415012961296751
D032,TRIP-006,34.35662263924667,-0.01566752663040288,0,0,0.0,morning,0.28630518866038895,6.0,4.0,0.04771753144339816
D032,TRIP-007,45.70382632254768,-0.02060626350109267,0,0,0.0,morning,0.38086521935456397,1.5,4.0,0.253910146236376
D032,TRIP-010,35.594071521229196,-0.07734823919850141,0,0,2.403368915069789,morning,0.5932345253538198,8.5,4.0,0.06979229710044939
D032,TRIP-012,38.21564291065336,-0.1675393390358643,0,0,0.0,afternoon,0.3184636909221113,1.5,5.0,0.21230912728140752
D032,TRIP-013,62.82330116972442,0.3608447316955047,0,0,46.30378983053495,afternoon,1.047055019495407,10.0,4.0,0.10470550194954069
D032,TRIP-015,52.15979243266425,0.10373979761419641,0,0,0.0,afternoon,0.43466493693886876,8.0,5.0,0.054333117117358595
D032,TRIP-016,39.89363172812347,-0.01970446467459581,0,0,0.0,afternoon,0.3324469310676956,9.5,5.0,0.03499441379659953
D032,TRIP-017,35.521885469631286,0.0,0,0,387.0993729814496,afternoon,0.5920314244938548,5.0,3.5,0.11840628489877096
D032,TRIP-018,54.47830047294412,0.20848695518702376,0,0,305.0349111643758,afternoon,0.9079716745490687,4.5,4.5,0.20177148323312638
D032,TRIP-019,38.82559001984979,0.10278580418914102,1,0,119.68403456230708,evening,0.6470931669974966,8.0,4.0,0.08088664587468708
D032,TRIP-020,45.90151666479535,0.11637108757922594,0,0,0.0,evening,0.3825126388732946,9.0,4.0,0.042501404319254955
D032,TRIP-022,10.22446016121758,-0.45642382869609815,0,0,0.0,evening,0.08520383467681317,9.0,5.0,0.00946709274186813
D032,TRIP-026,23.563621843779195,-0.1506831812930675,0,0,0.0,night,0.19636351536482663,2.5,4.0,0.07854540614593065
D032,TRIP-027,22.443977449769648,0.017203731711816387,0,0,1.7260876202245063,night,0.37406629082949416,7.5,5.0,0.04987550544393256
D032,TRIP-028,37.60072181691557,0.0,0,0,0.0,night,0.31333934847429645,0.5,5.0,0.6266786969485929
D032,TRIP-035,26.46994794711285,-0.09807823288158835,0,0,0.0,night,0.22058289955927377,10.0,4.0,0.022058289955927377
D032,TRIP-038,36.39887246515139,-0.17213717810316698,0,0,0.0,night,0.30332393720959494,6.0,4.0,0.05055398953493249
D032,TRIP-039,31.375816894680643,0.055737272419166185,0,0,0.0,morning,0.2614651407890054,6.0,5.0,0.043577523464834234
D032,TRIP-040,64.02335160163568,0.18098744794248187,0,0,0.0,morning,0.5335279300136306,3.0,4.0,0.1778426433378769
D032,TRIP-043,49.79340923268799,0.13903044821245386,0,0,0.0,morning,0.4149450769390667,8.5,4.0,0.04881706787518431
D033,TRIP-004,52.11873953259592,0.02019349673995047,0,0,0.0,morning,0.4343228294382993,7.0,4.0,0.06204611849118562
D033,TRIP-007,47.92930278066569,0.16191979893108085,0,0,0.0,morning,0.39941085650554736,1.0,5.0,0.39941085650554736
D033,TRIP-012,28.12500330910312,0.0961336385093962,0,0,0.0,afternoon,0.23437502757585935,9.0,4.0,0.02604166973065104
D033,TRIP-018,70.02037855432532,0.2144686129203843,0,0,0.0,afternoon,0.5835031546193776,1.5,4.0,0.3890021030795851
D033,TRIP-022,58.59051371831565,0.21032198049600978,0,0,0.0,evening,0.48825428098596374,2.0,3.0,0.24412714049298187
D033,TRIP-024,52.90149130260747,0.17180360527999874,0,0,0.0,evening,0.4408457608550623,5.0,4.0,0.08816915217101245
D033,TRIP-026,46.03347665248907,0.066061005004473,0,0,0.0,night,0.383612305437409,6.0,4.0,0.06393538423956817
D033,TRIP-029,45.08968502894788,0.14568205331205827,0,0,0.0,night,0.3757473752412324,1.0,4.0,0.3757473752412324
D033,TRIP-040,31.563245223986275,-0.3005565405337908,0,0,0.0,morning,0.26302704353321893,3.5,5.0,0.07515058386663398
D033,TRIP-041,38.80848747950012,-0.19319792993990662,0,0,0.0,morning,0.3234040623291677,10.0,4.0,0.03234040623291677
D033,TRIP-042,33.27453882064072,0.023257086622326284,0,0,0.0,morning,0.27728782350533937,3.0,5.0,0.09242927450177979
D033,TRIP-043,43.37607054154976,0.17476171835896454,0,0,18.933057300758563,morning,1.084401763538744,7.5,4.666666666666667,0.14458690180516587
D033,TRIP-044,49.707150405655575,0.10840591483979296,0,0,0.0,morning,0.4142262533804631,6.5,4.0,0.06372711590468663
D033,TRIP-046,44.37128086965326,0.1597669346451726,0,0,0.0,morning,0.3697606739137772,7.0,4.0,0.052822953416253884
D033,TRIP-050,47.27282877117324,0.252515552567201,0,0,288.02904701087635,afternoon,0.787880479519554,8.5,3.5,0.09269182111994753
D034,TRIP-003,63.97659450744433,-0.02337788706435037,1,0,0.0,morning,0.5331382875620361,9.5,2.0,0.05611981974337222
D034,TRIP-006,36.92354283608631,0.049600276891590946,0,0,1.5306456822826817,morning,0.6153923806014385,5.5,4.0,0.11188952374571609
D034,TRIP-007,29.3891480247523,0.2853989386983041,0,0,526.3344460175604,morning,0.7347287006188075,7.5,4.333333333333333,0.09796382674917432
D034,TRIP-014,41.464647214036056,0.045041027815068684,0,0,0.0,afternoon,0.34553872678363384,7.0,4.0,0.04936267525480483
D034,TRIP-015,66.2927920667166,0.31718799521575486,0,0,0.0,afternoon,0.552439933889305,4.5,3.0,0.12276442975317889
D034,TRIP-016,33.48881602374899,0.13943639400732694,0,0,419.94882757976274,afternoon,0.8372204005937247,7.5,4.666666666666667,0.11162938674582996
D034,TRIP-018,18.857635095523136,-0.17565255590000164,0,0,0.0,afternoon,0.1571469591293595,7.0,4.0,0.022449565589908498
D034,TRIP-019,43.17521130928135,0.17094298869902252,0,0,119.03399178610417,evening,0.7195868551546893,5.5,4.0,0.13083397366448898
D034,TRIP-021,60.70499530066559,0.0690832591699623,0,0,0.0,evening,0.50587496083888,3.0,4.0,0.16862498694629333
D034,TRIP-023,63.58393010144455,0.3798615561920132,0,0,0.0,evening,0.5298660841787046,5.0,4.0,0.10597321683574093
D034,TRIP-027,59.883861636457304,0.2638084910734282,0,0,0.0,night,0.4990321803038109,6.5,3.0,0.07677418158520168
D034,TRIP-028,20.578505995836693,-0.16941026490640052,0,0,0.0,night,0.1714875499653058,6.5,5.0,0.02638269999466243
D034,TRIP-029,38.408114436878805,0.20739895748229237,0,0,167.18426164771802,night,0.6401352406146468,10.0,4.5,0.06401352406146468
D034,TRIP-030,32.873961892018556,-0.015044396534615126,0,0,0.0,night,0.27394968243348794,8.0,4.0,0.03424371030418599
D034,TRIP-032,36.25705226087676,-0.03045423818137921,0,0,1.820836737844541,night,0.6042842043479459,8.0,5.0,0.07553552554349324
D034,TRIP-036,21.40562476505786,-0.24627907477963024,0,0,0.0,night,0.1783802063754822,7.0,4.0,0.025482886625068885
D034,TRIP-038,26.13784298631482,-0.2142541064261855,0,0,0.0,night,0.21781535821929018,10.0,4.0,0.02178153582192902
D034,TRIP-040,46.93740516968672,0.01601663055653842,0,0,0.0,morning,0.3911450430807227,4.5,4.0,0.08692112068460504
D034,TRIP-047,30.40727108606277,-0.21379919119495863,0,0,0.0,morning,0.25339392571718977,7.0,5.0,0.03619913224531283
D034,TRIP-048,47.32293250725695,0.10728402908029774,0,0,0.0,morning,0.3943577708938079,9.0,4.0,0.04381753009931199
D035,TRIP-001,54.90364717611827,-0.060126915262800056,0,0,0.0,morning,0.457530393134319,6.5,4.0,0.07038929125143369
D035,TRIP-004,32.646605355878044,0.09830043491145422,0,0,288.3617081782846,morning,0.5441100892646341,8.0,4.5,0.06801376115807926
D035,TRIP-009,41.316791670253515,0.09172694533960121,0,0,0.0,morning,0.34430659725211266,2.5,4.0,0.13772263890084507
D035,TRIP-013,42.83199708012797,0.010085886616442667,0,0,0.0,afternoon,0.3569333090010664,5.5,4.0,0.06489696527292116
D035,TRIP-016,53.26523549277434,0.0,0,0,252.8335550306104,afternoon,0.8877539248795725,9.0,4.0,0.09863932498661916
D035,TRIP-021,48.77458592011448,0.1443221406683292,0,0,0.0,evening,0.40645488266762064,6.0,4.0,0.06774248044460345
D035,TRIP-026,39.36814676771824,0.09220262294354674,0,0,0.44040737192172724,night,0.6561357794619707,5.5,4.0,0.11929741444763103
D035,TRIP-029,42.10998361142144,-0.14632585353155297,1,0,0.0010660294388333657,night,0.7018330601903575,6.5,4.5,0.10797431695236269
D035,TRIP-030,59.39150204006492,0.27745173920724503,0,0,0.0,night,0.49492918366720773,1.0,4.0,0.49492918366720773
D035,TRIP-031,61.784472217922875,0.10846531301228826,0,0,0.0,night,0.514870601816024,4.0,3.0,0.128717650454006
D035,TRIP-032,53.973215751914886,0.27832924993060265,0,0,0.0,night,0.44977679793262404,3.0,4.0,0.14992559931087468
D035,TRIP-034,33.51613380235014,-0.20608051198966237,0,0,0.0,night,0.27930111501958454,6.5,4.0,0.04296940231070531
D035,TRIP-036,48.00376484125792,0.22434942778476502,1,0,0.0,night,0.40003137367714936,6.5,3.0,0.06154328825802298
D035,TRIP-037,21.543571506814715,-0.1435030016901444,0,0,0.0,night,0.1795297625567893,10.0,4.0,0.01795297625567893
D035,TRIP-038,48.33287582734445,-0.06853376793855877,1,0,0.0,night,0.40277396522787046,4.0,3.0,0.10069349130696761
D035,TRIP-047,48.26413628422511,-0.16002983689557487,0,0,0.0,morning,0.40220113570187593,5.0,4.0,0.08044022714037519
D035,TRIP-050,47.42844637943553,-0.06574470451697678,0,0,0.0,afternoon,0.3952370531619628,1.0,4.0,0.3952370531619628
D036,TRIP-002,33.89912854127497,-0.2237145632838415,0,0,0.0,morning,0.28249273784395806,9.5,3.0,0.02973607766778506
D036,TRIP-007,26.341706732951124,0.02069680653761896,0,0,50.214358124074444,morning,0.4390284455491854,8.0,4.5,0.054878555693648176
D036,TRIP-008,61.81623529553338,0.17591172457394985,0,0,0.0,morning,0.5151352941294449,9.0,3.0,0.05723725490327166
D036,TRIP-010,53.66989087434012,0.2930907749298479,0,0,0.0,morning,0.44724909061950097,8.0,4.0,0.05590613632743762
D036,TRIP-011,23.699827368566176,-0.2683858502936068,0,0,0.0,afternoon,0.19749856140471814,6.5,3.0,0.030384394062264328
D036,TRIP-012,39.901161195255064,0.0,0,0,0.0,afternoon,0.33250967662712555,0.5,5.0,0.6650193532542511
D036,TRIP-015,47.88260039469211,0.18007676403572898,0,0,0.0,afternoon,0.3990216699557676,2.5,4.0,0.15960866798230705
D036,TRIP-019,62.38003880796969,0.20323429824775274,0,0,0.0,evening,0.5198336567330808,2.5,4.0,0.20793346269323232
D036,TRIP-022,59.518233660396184,0.23425474829828008,0,0,0.0,evening,0.4959852805033015,8.5,5.0,0.05835120947097665
D036,TRIP-024,29.05846613498372,-0.11939517418614862,0,0,0.0,evening,0.24215388445819766,1.0,5.0,0.24215388445819766
D036,TRIP-025,45.569615922679645,-0.09859375213891143,0,0,0.0,evening,0.3797467993556637,3.0,3.0,0.1265822664518879
D036,TRIP-026,23.86377489707279,-0.09672345653489227,0,0,0.0,night,0.19886479080893996,3.5,4.0,0.05681851165969713
D036,TRIP-027,8.681898484205194,-0.45046148629947175,0,0,0.0,night,0.07234915403504329,8.5,4.0,0.008511665180593328
D036,TRIP-029,33.80261269933821,-0.17843173900913895,0,0,0.0,night,0.2816884391611517,7.5,5.0,0.03755845855482023
D036,TRIP-030,14.945331584792696,-0.2795288568656661,0,0,0.0,night,0.12454442987327248,5.0,5.0,0.024908885974654495
D036,TRIP-033,34.872103809181944,0.004387807024623372,0,0,0.0,night,0.29060086507651617,10.0,4.0,0.029060086507651618
D036,TRIP-036,23.7740266405033,-0.23182319292530038,0,0,0.0,night,0.19811688867086086,6.0,5.0,0.033019481445143474
D036,TRIP-038,18.44765216220309,-0.29605249969156344,0,0,0.0,night,0.15373043468502576,3.0,4.0,0.05124347822834192
D036,TRIP-041,42.36794137344769,0.06954456949883632,0,0,28.206159760012053,morning,0.7061323562241283,1.5,4.0,0.47075490414941884
D036,TRIP-042,56.14487428734007,0.29091453363035336,0,0,0.0,morning,0.46787395239450064,10.0,4.0,0.046787395239450066
D036,TRIP-049,24.477571076876036,0.0,0,0,0.0,morning,0.20397975897396697,0.5,5.0,0.40795951794793395
D036,TRIP-050,36.35503706500282,0.1531363581065752,0,0,136.97030077197522,afternoon,0.6059172844167136,10.0,5.0,0.06059172844167136
D037,TRIP-002,29.49161509999309,-0.09873891995792636,0,0,0.0,morning,0.2457634591666091,1.0,5.0,0.2457634591666091
D037,TRIP-012,56.8467704943794,0.12741771234492352,0,0,0.0,afternoon,0.47372308745316166,7.5,4.0,0.06316307832708822
D037,TRIP-016,45.82210126275507,-0.17302459083160932,0,0,0.0,afternoon,0.38185084385629225,1.0,4.0,0.38185084385629225
D037,TRIP-017,36.223891039757916,-0.04143649346482873,0,0,10.013444801533767,afternoon,0.6037315173292985,9.0,4.5,0.06708127970325539
D037,TRIP-033,13.771474210295889,-0.35646127054101695,0,0,0.0,night,0.11476228508579908,4.0,4.0,0.02869057127144977
D037,TRIP-034,45.54036301749054,0.0,0,0,0.0,night,0.37950302514575457,0.5,4.0,0.7590060502915091
D037,TRIP-036,34.63424245139304,0.0,0,0,0.0,night,0.28861868709494204,0.5,4.0,0.5772373741898841
D037,TRIP-037,42.46514315525763,0.0807047128453504,0,0,0.0,night,0.35387619296048023,7.0,5.0,0.05055374185149718
D037,TRIP-040,27.71896827579225,-0.08946312740086772,0,0,0.0,morning,0.23099140229826876,9.5,4.0,0.024314884452449344
D037,TRIP-043,39.54409116396387,0.10896578140173391,0,0,226.84562332719796,morning,0.9886022790990967,8.0,4.0,0.12357528488738709
D037,TRIP-048,35.736257366584795,-0.12498259501877028,1,0,0.0,morning,0.29780214472153993,8.5,3.0,0.035035546437828226
D038,TRIP-001,36.24471421245862,0.0,0,0,26.64206711446837,morning,0.6040785702076437,3.5,4.5,0.17259387720218392
D038,TRIP-003,46.38300270662615,0.019862140999575513,0,0,0.0,morning,0.3865250225552179,1.5,4.0,0.2576833483701453
D038,TRIP-006,34.31888568759405,-0.004920906403656211,0,0,0.0,morning,0.28599071406328375,7.5,4.0,0.038132095208437834
D038,TRIP-008,56.124113851028625,0.48119013225755924,0,0,259.43008310864553,morning,1.4031028462757158,10.0,3.3333333333333335,0.14031028462757159
D038,TRIP-010,44.50386193256282,-0.04884449892078298,0,0,0.5832715276801066,morning,0.7417310322093804,5.5,4.0,0.1348601876744328
D038,TRIP-011,67.34174473826087,0.2666583741858606,0,0,0.0,afternoon,0.561181206152174,4.5,4.0,0.12470693470048312
D038,TRIP-014,32.86642542234134,-0.17557636277353172,0,0,0.0,afternoon,0.2738868785195111,1.0,4.0,0.2738868785195111
D038,TRIP-021,62.16167248104362,0.2311996341099037,0,0,0.0,evening,0.5180139373420302,1.0,4.0,0.5180139373420302
D038,TRIP-023,44.38608081792032,-0.12617023390864077,0,0,0.0,evening,0.3698840068160027,1.5,4.0,0.24658933787733514
D038,TRIP-024,50.33353202750321,0.2660973771853819,0,0,0.0,evening,0.41944610022919343,9.0,4.0,0.04660512224768816
D038,TRIP-026,29.87952214552743,0.12822646543556962,0,0,0.0,night,0.2489960178793953,1.5,5.0,0.1659973452529302
D038,TRIP-030,40.81304287314595,0.031209878825498194,0,0,0.0,night,0.3401086906095496,2.5,4.0,0.13604347624381985
D038,TRIP-032,34.55459298900086,-0.12224484395267125,1,0,706.0725508832453,night,0.5759098831500145,6.0,4.0,0.09598498052500241
D038,TRIP-034,38.19589692902916,0.07469772143424418,0,0,0.0,night,0.31829914107524304,9.0,4.0,0.03536657123058256
D038,TRIP-035,61.69539299263308,0.27528632943064496,0,0,156.89952339718403,night,1.028256549877218,6.5,3.5,0.15819331536572584
D038,TRIP-042,36.875914111338865,0.10782611722714665,1,0,0.0,morning,0.3072992842611572,2.0,2.0,0.1536496421305786
D038,TRIP-043,37.207937097760016,0.10329280531862431,0,0,0.0,morning,0.31006614248133346,2.5,4.0,0.12402645699253338
D038,TRIP-049,49.17448012833344,-0.019480522838280064,0,0,9.399100383335954,morning,0.8195746688055573,3.0,4.0,0.2731915562685191
D039,TRIP-001,38.970841969206,-0.1475259741380766,0,0,0.0,morning,0.32475701641005,7.0,5.0,0.04639385948715
D039,TRIP-004,40.65903158382709,0.08911413195472442,0,0,0.0,morning,0.33882526319855905,2.0,5.0,0.16941263159927952
D039,TRIP-005,13.64182479001589,-0.157454267217164,0,0,0.0,morning,0.11368187325013243,2.0,5.0,0.056840936625066216
D039,TRIP-007,49.30567086986697,0.06823548295666798,0,0,0.0,morning,0.41088059058222476,5.0,5.0,0.08217611811644496
D039,TRIP-014,57.58956400990749,0.19204037545934702,0,0,66.3757396301061,afternoon,0.9598260668317916,2.0,3.5,0.4799130334158958
D039,TRIP-016,41.743554876892475,-0.03776431838761661,0,0,0.0,afternoon,0.3478629573074373,1.5,4.0,0.23190863820495822
D039,TRIP-020,31.802064083761564,0.016483101943001444,0,0,4.690219531485254,evening,0.5300344013960261,8.5,4.5,0.06235698839953248
D039,TRIP-023,63.5538716085455,-0.0002783193786948838,0,0,0.0,evening,0.5296155967378792,5.5,3.0,0.09629374486143258
D039,TRIP-024,41.59336837916986,-0.02434559662692012,0,0,0.0,evening,0.34661140315974887,7.0,3.0,0.04951591473710698
D039,TRIP-028,29.829718082922277,-0.07195373827771571,1,0,0.0,night,0.24858098402435236,1.0,4.0,0.24858098402435236
D039,TRIP-033,41.04230995794163,-0.13687838361837681,0,0,0.0,night,0.34201924964951363,6.0,5.0,0.05700320827491894
D039,TRIP-041,32.78099582302868,-0.004331488862287122,0,0,0.0,morning,0.2731749651919057,9.0,4.0,0.030352773910211746
D039,TRIP-045,42.82914558881686,0.005554960034959322,0,0,0.0,morning,0.3569095465734738,4.5,4.0,0.07931323257188307
D039,TRIP-050,20.064646080666787,-0.024080227750330075,0,0,0.0,afternoon,0.16720538400555657,4.0,5.0,0.04180134600138914
D040,TRIP-005,46.20418876141552,-0.1321275825866391,0,0,0.0,morning,0.3850349063451294,7.0,5.0,0.05500498662073277
D040,TRIP-006,51.42259621634265,0.15836769008100557,0,0,0.0,morning,0.42852163513618874,8.0,4.0,0.05356520439202359
D040,TRIP-010,56.35783722528046,0.1800305970393249,0,0,0.0,morning,0.4696486435440038,4.5,4.0,0.10436636523200085
D040,TRIP-011,43.41367107003448,0.002999928287431371,0,0,0.0,afternoon,0.36178059225028736,2.5,4.0,0.14471223690011495
D040,TRIP-013,28.663711749562836,-0.02671239521628192,0,0,0.0,afternoon,0.23886426457969032,9.5,5.0,0.02514360679786214
D040,TRIP-015,32.03648858341508,-0.06630551410053455,0,0,0.0,afternoon,0.2669707381951256,4.0,4.0,0.0667426845487814
D040,TRIP-016,60.85275314493352,0.26691826204296365,0,0,0.0,afternoon,0.5071062762077794,8.5,4.0,0.059659561906797574
D040,TRIP-019,40.4307345972124,-0.09684446873883955,1,0,0.0,evening,0.3369227883101033,2.0,3.0,0.16846139415505165
D040,TRIP-029,66.27700345371024,0.19617887430335515,0,0,0.0,night,0.552308362114252,1.5,4.0,0.3682055747428347
D040,TRIP-030,38.76587004236716,0.05455470509582045,0,0,0.0,night,0.3230489170197263,8.5,4.0,0.038005754943497214
D040,TRIP-031,34.71991130805517,0.06111320503453988,0,0,0.0,night,0.2893325942337931,5.0,5.0,0.05786651884675862
D040,TRIP-035,44.50086297619333,0.2214758565995488,0,0,0.0,night,0.37084052480161106,6.0,4.0,0.06180675413360184
D040,TRIP-036,44.67952703235882,0.0891650265052275,0,0,0.0,night,0.37232939193632353,9.5,3.0,0.03919256757224458
D040,TRIP-038,55.7345227647088,0.3452488018750529,0,0,0.0,night,0.4644543563725734,3.5,5.0,0.1327012446778781
D040,TRIP-040,45.20760906958057,0.12633670227402127,0,0,0.0,morning,0.3767300755798381,4.0,5.0,0.09418251889495953
D040,TRIP-046,27.817439162257426,-0.10871523304997407,0,0,0.0,morning,0.23181199301881186,5.0,4.0,0.04636239860376237
D040,TRIP-049,0.0,-0.3960940080698784,0,1,0.0,morning,0.0,9.0,4.0,0.0
D040,TRIP-050,48.8111310061207,0.04786846291696444,0,0,0.0,afternoon,0.40675942505100593,6.5,4.0,0.06257837308477014
D041,TRIP-002,43.13087720598008,0.0937208166074008,0,0,0.0,morning,0.35942397671650067,6.0,4.0,0.059903996119416776
D041,TRIP-004,30.822503356534593,0.12250671549040654,0,0,0.0,morning,0.2568541946377883,4.0,4.0,0.06421354865944708
D041,TRIP-006,34.850343579188916,-0.00296521404897252,0,0,0.0,morning,0.2904195298265743,7.0,4.0,0.04148850426093919
D041,TRIP-008,53.54666491656289,0.1884502123313669,0,0,0.0,morning,0.4462222076380241,5.0,4.0,0.08924444152760483
D041,TRIP-009,52.29143898135269,0.14234484552279145,1,0,0.0,morning,0.4357619915112725,6.0,3.0,0.07262699858521209
D041,TRIP-010,53.06248333147053,0.17189468057211338,0,0,0.0,morning,0.4421873610955878,9.0,4.0,0.04913192901062087
D041,TRIP-014,36.60021621000864,-0.11308534703143494,0,0,0.0,afternoon,0.30500180175007197,6.5,4.0,0.046923354115395687
D041,TRIP-019,38.86295951705917,-0.12610658908911834,0,0,0.0,evening,0.32385799597549303,10.0,4.0,0.0323857995975493
D041,TRIP-020,35.78631167414993,-0.0023584398541517614,0,0,0.0,evening,0.2982192639512494,6.5,3.0,0.04587988676173068
D041,TRIP-021,62.92965506150542,0.27748363077556976,0,0,0.0,evening,0.5244137921792119,2.0,4.0,0.26220689608960596
D041,TRIP-022,70.18655449449071,0.08830176786163241,0,0,0.0,evening,0.5848879541207559,6.5,4.0,0.08998276217242399
D041,TRIP-023,50.821897604340286,0.10823425315912386,0,0,0.0,evening,0.4235158133695024,7.5,5.0,0.05646877511593365
D041,TRIP-032,66.54629571261623,0.1267544887789961,0,0,0.0,night,0.5545524642718019,5.5,3.0,0.10082772077669126
D041,TRIP-033,50.99954159389035,0.09219658922174734,0,0,0.0,night,0.42499617994908623,6.5,4.0,0.06538402768447481
D041,TRIP-044,35.32484071769449,0.0,0,0,0.0,morning,0.2943736726474541,0.5,4.0,0.5887473452949082
D041,TRIP-046,46.8917012900618,0.06682965269361768,0,0,0.0,morning,0.3907641774171817,2.0,4.0,0.19538208870859086
D041,TRIP-050,43.641337011088545,0.093459383150212,0,0,0.0,afternoon,0.3636778084257379,6.0,4.0,0.06061296807095631
D042,TRIP-001,39.50429883303072,-0.13667882647033108,0,0,0.0,morning,0.32920249027525594,2.0,4.0,0.16460124513762797
D042,TRIP-009,36.41634649841778,-0.031190468692962804,0,0,0.0,morning,0.30346955415348154,1.5,4.0,0.20231303610232101
D042,TRIP-020,32.75463713125517,-0.12157775675164834,0,0,0.0,evening,0.2729553094271264,10.0,4.0,0.027295530942712642
D042,TRIP-022,34.21872084418193,-0.006983682637365855,0,0,0.0,evening,0.28515600703484945,8.0,4.0,0.03564450087935618
D042,TRIP-027,57.33173900454814,0.31443296335500376,1,0,0.0,night,0.4777644917045678,8.0,3.0,0.059720561463070976
D042,TRIP-028,61.65396506033932,0.029137904701456798,0,0,0.0,night,0.5137830421694943,2.0,3.0,0.25689152108474717
D042,TRIP-032,40.03338845105895,0.11686547705467394,0,0,0.0,night,0.3336115704254912,9.5,4.0,0.035117007413209604
D042,TRIP-044,21.33659629195747,-0.13479151542572285,0,0,105.9601653426091,morning,0.3556099381992912,9.0,4.5,0.039512215355476804
D042,TRIP-047,53.625820196353246,0.26088247724577757,0,0,0.0,morning,0.44688183496961037,3.0,4.0,0.1489606116565368
D042,TRIP-048,42.47497054885436,-0.09014370787432106,0,0,0.0,morning,0.35395808790711963,6.5,5.0,0.05445509044724917
D043,TRIP-001,49.170452656022896,-0.024809846410979355,0,0,0.0,morning,0.40975377213352415,10.0,4.0,0.04097537721335241
D043,TRIP-002,24.971912409405867,-0.1138065088856802,0,0,138.15155543494507,morning,0.41619854015676444,8.5,5.0,0.048964534136089935
D043,TRIP-003,43.54660541174983,-0.02855363348536534,0,0,0.0,morning,0.36288837843124855,8.0,4.0,0.04536104730390607
D043,TRIP-004,49.93784188468126,0.09560930459057992,0,0,0.0,morning,0.4161486823723439,6.5,4.0,0.06402287421112983
D043,TRIP-006,34.72162854861499,-0.019003345646693624,0,0,0.0,morning,0.2893469045717916,2.0,5.0,0.1446734522858958
D043,TRIP-007,41.93623871054683,0.3273320967401115,0,0,0.0,morning,0.3494686559212236,4.5,4.0,0.07765970131582747
D043,TRIP-009,35.811050340238424,0.30209425361223174,0,0,532.2337907981789,morning,0.5968508390039736,9.0,4.5,0.0663167598893304
D043,TRIP-010,54.22252349813068,0.010741112654260594,0,0,0.0,morning,0.45185436248442234,9.5,4.0,0.047563617103623404
D043,TRIP-012,29.21440110109043,-0.09755012750859192,1,0,0.0,afternoon,0.24345334250908696,3.5,3.0,0.06955809785973913
D043,TRIP-018,41.501856364754666,0.03474815125923782,0,0,0.0,afternoon,0.34584880303962223,8.5,4.0,0.040688094475249674
D043,TRIP-022,36.9182762989716,-0.08562727794273102,0,0,0.0,evening,0.30765230249143,10.0,5.0,0.030765230249143
D043,TRIP-023,59.65735299457168,0.0,0,0,0.0,evening,0.4971446082880974,0.5,3.0,0.9942892165761948
D043,TRIP-028,31.771148958539865,-0.27669274168332836,0,0,0.0,night,0.26475957465449884,2.5,4.0,0.10590382986179954
D043,TRIP-033,20.38845597244279,-0.16492304935889351,0,0,0.0,night,0.16990379977035658,3.0,5.0,0.05663459992345219
D043,TRIP-034,30.128543014130788,-0.017834322073854617,0,0,0.0,night,0.2510711917844233,8.5,5.0,0.02953778726875568
D043,TRIP-036,39.03689144550945,0.056199783962564295,0,0,0.0,night,0.3253074287125788,1.5,3.0,0.21687161914171918
D043,TRIP-042,31.20695644372005,-0.15098111724420146,0,0,0.0,morning,0.26005797036433376,5.5,5.0,0.04728326733896977
D043,TRIP-049,54.36273942162899,0.3789024777588052,1,0,0.0,morning,0.4530228285135749,4.5,3.0,0.1006717396696833
D043,TRIP-050,52.90376967231226,0.116251929664179,0,0,0.0,afternoon,0.44086474726926883,5.0,4.0,0.08817294945385376
D044,TRIP-005,42.30228801879443,0.20458492014584995,1,0,277.24976774503284,morning,1.0575572004698608,8.5,3.3333333333333335,0.1244184941729248
D044,TRIP-009,39.815162157942424,0.0,0,0,743.856833262467,morning,0.6635860359657071,6.5,4.5,0.10209015937933955
D044,TRIP-017,45.62276192045827,0.10774482896112131,0,0,0.0,afternoon,0.38018968267048553,9.5,5.0,0.04001996659689321
D044,TRIP-021,48.13959293430449,-0.005879564683425838,0,0,0.0,evening,0.40116327445253747,6.5,4.0,0.06171742683885192
D044,TRIP-023,34.42730708063514,0.012166489524599438,1,0,0.0,evening,0.28689422567195955,3.0,3.0,0.09563140855731984
D044,TRIP-024,60.42035450240153,0.17432394558547842,0,0,0.0,evening,0.5035029541866795,7.5,5.0,0.0671337272248906
D044,TRIP-026,71.12285804630633,0.24957431857961468,0,0,0.0,night,0.5926904837192195,9.5,4.0,0.062388471970444156
D044,TRIP-029,20.359300104407907,-0.01379216560672501,1,0,0.0,night,0.16966083420339922,3.5,4.0,0.04847452405811407
D044,TRIP-032,52.856810924484655,0.3434396065945433,0,0,0.0,night,0.44047342437070547,5.0,4.0,0.0880946848741411
D044,TRIP-034,55.283261962729306,0.2498813719517811,0,0,402.48816720811766,night,0.9213876993788219,5.5,4.0,0.1675250362506949
D044,TRIP-035,46.951481731658625,0.018470401168744804,0,0,0.0,night,0.39126234776382196,2.5,4.0,0.1565049391055288
D044,TRIP-036,47.42512556966392,0.1617877945535066,0,0,64.84612576979681,night,0.7904187594943988,3.0,4.0,0.26347291983146626
D044,TRIP-039,21.545832088853555,-0.04234418395475717,0,0,0.0,morning,0.1795486007404463,5.0,5.0,0.035909720148089255
D044,TRIP-041,20.122805617946195,-0.1330528865940641,0,0,0.0,morning,0.1676900468162183,6.5,4.0,0.025798468740956662
D044,TRIP-046,14.445843110679505,-0.3321908129033917,0,0,0.0,morning,0.12038202592232922,9.0,5.0,0.01337578065803658
D044,TRIP-048,52.44862395824184,0.26869730451221935,0,0,55.94488317451978,morning,0.874143732637364,7.5,4.0,0.11655249768498187
D044,TRIP-049,36.54890776659774,0.3384158126536828,0,0,0.0,morning,0.3045742313883146,9.5,4.0,0.03206044540929627
D044,TRIP-050,58.74951408234537,-0.004851109441019948,0,0,0.0,afternoon,0.4895792840195448,9.0,4.0,0.054397698224393866
D045,TRIP-016,32.19554867115968,-0.36089728747826777,1,0,0.0,afternoon,0.26829623892633064,6.0,3.0,0.044716039821055105
D045,TRIP-017,34.28346758836759,0.020337301164626117,0,0,0.0,afternoon,0.2856955632363966,7.5,4.0,0.03809274176485288
D045,TRIP-019,41.217721994562076,0.0027550481472789676,0,0,0.8994516950331142,evening,0.6869620332427013,4.5,3.5,0.1526582296094892
D045,TRIP-020,50.34715629756255,0.18589321607665152,0,0,0.0,evening,0.41955963581302125,2.0,4.0,0.20977981790651062
D045,TRIP-021,50.009028623299635,0.08071176098685526,0,0,0.0,evening,0.4167419051941636,8.5,5.0,0.049028459434607485
D045,TRIP-025,21.309006569659196,-0.4134710316762746,0,0,0.0,evening,0.17757505474715998,7.5,5.0,0.023676673966287996
D045,TRIP-028,36.45685320750773,-0.14914126748344483,0,0,0.0,night,0.30380711006256444,5.0,5.0,0.06076142201251289
D045,TRIP-033,51.75293081000874,0.013834502357039114,0,0,0.0,night,0.43127442341673955,5.0,4.0,0.08625488468334791
D045,TRIP-038,49.27728648034285,0.0010012364665514066,0,0,0.0,night,0.4106440540028571,9.5,4.0,0.04322568989503759
D045,TRIP-041,48.70920187795639,0.18836563474255683,0,0,0.0,morning,0.4059100156496366,5.5,4.0,0.07380182102720666
D045,TRIP-046,27.116451927974623,-0.21145588169262017,0,0,0.0,morning,0.22597043273312187,6.5,4.0,0.03476468195894183
D045,TRIP-048,52.210490999281035,0.13290565457267747,0,0,0.0,morning,0.43508742499400865,6.0,4.0,0.07251457083233477
D046,TRIP-002,45.57419926291419,-0.09154330388173779,0,0,0.0,morning,0.3797849938576183,8.0,4.0,0.04747312423220229
D046,TRIP-003,64.69281656666043,0.26753392048090546,0,0,6.54199372227782,morning,1.0782136094443402,9.0,4.0,0.11980151216048224
D046,TRIP-005,56.971015151348965,-0.17354951839361774,0,0,0.0,morning,0.47475845959457474,4.5,4.0,0.1055018799099055
D046,TRIP-007,40.940907070072925,0.08878235086769563,0,0,0.0,morning,0.34117422558394106,8.5,4.0,0.04013814418634601
D046,TRIP-018,78.00846006476992,0.5553541162508717,0,0,0.0,afternoon,0.6500705005397495,4.0,4.0,0.16251762513493737
D046,TRIP-020,29.41567190551086,-0.06654648221913054,0,0,0.0,evening,0.2451305992125905,4.0,5.0,0.061282649803147626
D046,TRIP-023,22.558882032707128,-0.2897789754593084,0,0,0.0,evening,0.18799068360589274,4.5,5.0,0.04177570746797617
D046,TRIP-024,34.34670193236761,0.03437398155807158,0,0,0.0,evening,0.28622251610306343,4.5,5.0,0.06360500357845854
D046,TRIP-025,58.80823602351291,0.10189682522218953,0,0,0.0,evening,0.49006863352927427,6.0,3.0,0.08167810558821238
D046,TRIP-031,38.66173530809265,-0.08952838534943659,0,0,0.0,night,0.3221811275674388,9.5,4.0,0.03391380290183566
D046,TRIP-033,40.700817665232016,-0.06266615538006887,0,0,0.0,night,0.3391734805436002,1.0,4.0,0.3391734805436002
D046,TRIP-036,31.14444221179001,-0.13418351870391595,0,0,30.50214192127026,night,0.5190740368631668,9.0,4.5,0.057674892984796305
D046,TRIP-039,41.4363080886808,-0.009946761402867092,0,0,13.432654516553603,morning,0.6906051348113468,8.0,4.0,0.08632564185141835
D046,TRIP-042,34.80961285961178,-0.12918284646763922,0,0,0.0,morning,0.2900801071634315,8.5,4.0,0.034127071430991945
D046,TRIP-045,52.13034688446207,0.0,0,0,0.0,morning,0.4344195573705173,0.5,4.0,0.8688391147410346
D046,TRIP-047,40.63642184740869,0.23209614525913053,0,0,514.2832270013544,morning,1.0159105461852174,8.0,4.333333333333333,0.12698881827315217
D046,TRIP-048,27.63130983011544,-0.11321961871563122,1,0,8.761392909993994,morning,0.4605218305019241,7.0,4.5,0.0657888329288463
D046,TRIP-050,41.363105589625725,0.0,0,0,130.08031156140345,afternoon,1.034077639740643,3.0,3.6666666666666665,0.34469254658021437
D047,TRIP-004,59.70515405328932,0.2834726431325075,0,0,0.0,morning,0.49754295044407765,9.5,4.0,0.052372942152008176
D047,TRIP-007,55.826063453089255,0.093724417875385,0,0,0.0,morning,0.46521719544241047,2.0,4.0,0.23260859772120523
D047,TRIP-013,38.50463462387837,-0.10544768551121446,0,0,0.0,afternoon,0.3208719551989864,1.0,5.0,0.3208719551989864
D047,TRIP-014,71.27172960351422,0.4285526442157072,0,0,0.0,afternoon,0.5939310800292851,9.0,4.0,0.06599234222547612
D047,TRIP-015,36.049838585267295,0.15944146030214915,0,0,257.13071167447055,afternoon,0.6008306430877882,5.5,3.5,0.10924193510687058
D047,TRIP-016,37.644865608684526,-0.1340442442779704,0,0,0.0,afternoon,0.3137072134057044,3.0,5.0,0.1045690711352348
D047,TRIP-017,54.67307547062036,0.26267445551406715,0,0,44.077831843912286,afternoon,0.9112179245103394,5.5,4.0,0.16567598627460717
D047,TRIP-018,13.051993612073966,-0.17552541291093782,0,0,0.0,afternoon,0.10876661343394974,5.5,5.0,0.01977574789708177
D047,TRIP-021,37.192111997174024,0.0,0,0,0.0,evening,0.30993426664311685,0.5,4.0,0.6198685332862337
D047,TRIP-024,28.25480022566496,-0.17898697212551457,0,0,0.0,evening,0.235456668547208,6.0,5.0,0.03924277809120134
D047,TRIP-026,46.071893319514416,0.0,0,0,0.0,night,0.3839324443292868,0.5,4.0,0.7678648886585736
D047,TRIP-030,29.42671420568246,0.0,0,0,0.0,night,0.24522261838068718,0.5,4.0,0.49044523676137436
D047,TRIP-031,46.0841891738463,0.014846619174848523,0,0,0.0,night,0.3840349097820525,1.0,4.0,0.3840349097820525
D047,TRIP-034,42.4821262239583,-0.035063862365115564,0,0,0.0,night,0.35401771853298586,2.0,4.0,0.17700885926649293
D047,TRIP-038,36.613833051697014,0.07011314741737364,0,0,0.0,night,0.30511527543080846,8.0,4.0,0.03813940942885106
D047,TRIP-040,33.47464680131992,-0.012185472636373262,0,0,0.0,morning,0.27895539001099934,6.0,4.0,0.04649256500183322
D047,TRIP-042,48.76136027811682,0.028834528414965574,0,0,0.0,morning,0.4063446689843068,8.0,4.0,0.05079308362303835
D047,TRIP-044,44.397485995575664,0.2809225142278447,0,0,0.0,morning,0.3699790499631305,9.5,4.0,0.03894516315401374
D047,TRIP-047,35.800262474147,-0.1650514603907986,0,0,0.0,morning,0.2983355206178917,3.5,3.0,0.08523872017654048
D048,TRIP-002,42.75594957079768,0.18109755724963067,0,0,0.0,morning,0.35629957975664733,5.0,4.0,0.07125991595132947
D048,TRIP-008,35.26501218116086,-0.16452087166736112,0,0,0.0,morning,0.2938751015096739,7.0,4.0,0.04198215735852484
D048,TRIP-011,42.75019575292858,0.3171869483616916,0,0,226.5933663342768,afternoon,1.7812581563720244,8.0,3.8,0.22265726954650306
D048,TRIP-014,31.204718574653487,-0.3709908428598216,0,0,0.0,afternoon,0.2600393214554457,9.5,4.0,0.027372560153204814
D048,TRIP-015,56.00631543712858,0.2908889448722976,0,0,0.0,afternoon,0.4667192953094048,9.5,4.0,0.04912834687467419
D048,TRIP-018,39.17172982004527,0.18809346967150126,0,0,0.0,afternoon,0.3264310818337106,7.5,5.0,0.04352414424449475
D048,TRIP-019,41.59079281557743,-0.1079053112695347,0,0,0.0,evening,0.3465899401298119,4.0,5.0,0.08664748503245298
D048,TRIP-022,60.649963565434405,0.135378685325458,0,0,0.0,evening,0.5054163630452867,6.0,4.0,0.08423606050754778
D048,TRIP-025,36.42035806538264,-0.20729516627898395,0,0,0.0,evening,0.30350298387818875,6.5,5.0,0.046692766750490576
D048,TRIP-027,47.197406271576746,-0.11563550410257886,0,0,0.0,night,0.3933117189298062,2.5,4.0,0.15732468757192247
D048,TRIP-029,42.29125300927979,-0.048701246791140976,1,0,0.0,night,0.352427108410665,9.5,3.0,0.037097590359017364
D048,TRIP-030,39.10157978827085,0.13756792643138188,0,0,39.6899877033114,night,0.9775394947067714,10.0,5.0,0.09775394947067714
D048,TRIP-031,50.07021841259574,0.009716066035859564,0,0,0.0,night,0.4172518201049646,3.5,4.0,0.11921480574427559
D048,TRIP-035,48.17207486489868,0.01048089224571965,0,0,0.0,night,0.4014339572074891,9.0,4.0,0.04460377302305434
D048,TRIP-036,54.44881622661861,0.09045638142833141,0,0,0.0,night,0.45374013522182177,10.0,4.0,0.04537401352218218
D048,TRIP-039,44.383611916261465,0.05128603346932063,0,0,0.0,morning,0.3698634326355122,8.5,3.0,0.04351334501594261
D048,TRIP-040,48.16789527437853,-0.16791660169031902,0,0,0.0,morning,0.4013991272864878,2.0,4.0,0.2006995636432439
D048,TRIP-041,33.248796620155694,0.16144435055660064,0,0,0.0,morning,0.27707330516796413,8.5,4.0,0.03259685943152519
D048,TRIP-046,30.051550499761504,-0.13259009601751626,1,0,0.0,morning,0.25042958749801253,7.5,3.0,0.03339061166640167
D048,TRIP-047,53.497583735118305,-0.05270263228402037,0,0,0.0,morning,0.44581319779265255,6.5,4.0,0.06858664581425424
D048,TRIP-050,40.34856126858093,0.18781402951772358,0,0,0.0,afternoon,0.33623801057150776,4.5,5.0,0.07471955790477951
D049,TRIP-003,31.831068705153353,-0.011887830473598805,0,0,0.0,morning,0.26525890587627793,4.0,4.0,0.06631472646906948
D049,TRIP-004,31.034705332716847,0.09625586295672552,0,0,0.0,morning,0.2586225444393071,1.5,5.0,0.17241502962620472
D049,TRIP-014,40.47690035092513,-0.09894573889367932,0,0,0.0,afternoon,0.33730750292437606,4.5,5.0,0.07495722287208356
D049,TRIP-020,17.289448176352437,-0.28278674211816035,0,0,0.0,evening,0.14407873480293695,3.0,4.0,0.04802624493431232
D049,TRIP-021,32.45113633516685,-0.2616098052360994,0,0,0.0,evening,0.2704261361263905,3.5,4.0,0.07726461032182586
D049,TRIP-023,39.13259826315491,-0.04453098313336004,1,0,0.0,evening,0.3261049855262909,7.0,3.0,0.04658642650375584
D049,TRIP-027,31.392544600527064,-0.162954485261509,0,0,0.0,night,0.26160453833772557,6.0,5.0,0.04360075638962093
D049,TRIP-028,38.87481460572795,-0.012294500882507423,0,0,0.0,night,0.32395678838106623,6.0,4.0,0.05399279806351104
D049,TRIP-029,21.84885398993421,-0.024010414817554112,0,0,0.0,night,0.18207378324945173,3.0,5.0,0.06069126108315057
D049,TRIP-033,25.7596345877448,-0.11410560859141301,0,0,0.0,night,0.21466362156454002,7.5,5.0,0.028621816208605336
D049,TRIP-035,34.44461121489569,-0.18040350679138714,0,0,0.0,night,0.28703842679079744,3.5,4.0,0.08201097908308498
D049,TRIP-038,39.85266067465219,0.1463738916807767,0,0,0.0,night,0.3321055056221016,1.5,5.0,0.2214036704147344
D049,TRIP-039,26.11900395596733,-0.08321406491861243,0,0,0.0,morning,0.21765836629972773,4.5,4.0,0.04836852584438394
D049,TRIP-042,58.255961935985994,0.0648968968631363,0,0,0.0,morning,0.48546634946655,4.0,3.0,0.1213665873666375
D049,TRIP-043,28.07852528731987,-0.26234595083631385,0,0,0.0,morning,0.23398771072766558,4.5,5.0,0.05199726905059235
D049,TRIP-045,40.4182345167012,-0.10151725859165595,0,0,0.0,morning,0.33681862097251003,9.0,4.0,0.03742429121916778
